Id,Category
0,3
1,2
2,7
3,4
4,6
5,2
6,9
7,2
8,3
9,0
10,0
11,8
12,4
13,5
14,1
15,5
16,5
17,6
18,7
19,5
20,6
21,4
22,1
23,5
24,9
25,5
26,4
27,5
28,1
29,2
30,3
31,0
32,1
33,2
34,7
35,3
36,1
37,4
38,0
39,2
40,5
41,2
42,8
43,9
44,3
45,1
46,7
47,3
48,7
49,5
50,1
51,1
52,2
53,2
54,1
55,5
56,1
57,3
58,3
59,8
60,6
61,1
62,3
63,8
64,1
65,3
66,8
67,1
68,0
69,7
70,3
71,6
72,4
73,6
74,8
75,5
76,1
77,9
78,1
79,7
80,0
81,6
82,9
83,6
84,8
85,1
86,4
87,4
88,7
89,2
90,8
91,9
92,3
93,3
94,9
95,0
96,1
97,0
98,3
99,7
100,1
101,3
102,0
103,7
104,7
105,3
106,4
107,8
108,0
109,5
110,6
111,4
112,1
113,8
114,8
115,8
116,9
117,3
118,0
119,8
120,7
121,1
122,0
123,4
124,2
125,1
126,2
127,8
128,8
129,4
130,3
131,9
132,9
133,1
134,1
135,3
136,9
137,7
138,1
139,4
140,1
141,7
142,0
143,3
144,8
145,1
146,8
147,9
148,1
149,2
150,8
151,6
152,7
153,7
154,9
155,7
156,2
157,2
158,7
159,4
160,3
161,2
162,7
163,0
164,1
165,0
166,9
167,7
168,0
169,3
170,9
171,3
172,7
173,5
174,4
175,7
176,4
177,9
178,9
179,9
180,7
181,7
182,8
183,8
184,6
185,5
186,6
187,4
188,7
189,6
190,3
191,1
192,4
193,0
194,7
195,2
196,0
197,4
198,3
199,7
200,1
201,9
202,0
203,1
204,9
205,6
206,9
207,8
208,7
209,4
210,3
211,4
212,5
213,8
214,7
215,4
216,1
217,2
218,3
219,2
220,6
221,8
222,5
223,6
224,4
225,2
226,4
227,7
228,8
229,9
230,4
231,7
232,3
233,9
234,8
235,4
236,6
237,7
238,9
239,0
240,3
241,6
242,4
243,6
244,7
245,3
246,4
247,7
248,8
249,6
250,2
251,5
252,9
253,2
254,0
255,5
256,8
257,9
258,9
259,5
260,2
261,6
262,9
263,1
264,6
265,0
266,4
267,8
268,8
269,6
270,5
271,9
272,1
273,1
274,8
275,3
276,7
277,0
278,0
279,8
280,4
281,4
282,9
283,3
284,9
285,1
286,7
287,7
288,9
289,7
290,0
291,1
292,5
293,1
294,4
295,9
296,9
297,7
298,4
299,5
300,8
301,7
302,5
303,9
304,5
305,1
306,2
307,2
308,6
309,0
310,9
311,7
312,1
313,6
314,6
315,4
316,0
317,9
318,0
319,1
320,6
321,2
322,8
323,7
324,2
325,9
326,2
327,1
328,4
329,0
330,7
331,8
332,8
333,2
334,7
335,8
336,2
337,5
338,6
339,7
340,5
341,4
342,2
343,2
344,2
345,6
346,7
347,3
348,9
349,7
350,9
351,5
352,3
353,4
354,3
355,4
356,6
357,5
358,7
359,7
360,9
361,5
362,4
363,3
364,9
365,2
366,0
367,6
368,9
369,4
370,6
371,9
372,6
373,9
374,6
375,6
376,9
377,1
378,1
379,0
380,5
381,2
382,2
383,8
384,8
385,4
386,5
387,5
388,0
389,1
390,4
391,7
392,6
393,0
394,5
395,7
396,8
397,1
398,4
399,7
400,5
401,9
402,8
403,6
404,6
405,7
406,5
407,4
408,1
409,6
410,1
411,8
412,5
413,5
414,2
415,2
416,7
417,5
418,1
419,5
420,9
421,4
422,5
423,4
424,3
425,2
426,8
427,9
428,8
429,5
430,4
431,9
432,5
433,2
434,0
435,4
436,1
437,8
438,3
439,8
440,5
441,2
442,6
443,8
444,2
445,2
446,6
447,4
448,1
449,3
450,4
451,8
452,4
453,1
454,9
455,0
456,2
457,5
458,8
459,9
460,0
461,4
462,4
463,1
464,6
465,0
466,6
467,0
468,1
469,9
470,3
471,4
472,8
473,2
474,6
475,5
476,0
477,9
478,8
479,1
480,2
481,5
482,4
483,2
484,1
485,7
486,6
487,6
488,2
489,7
490,3
491,5
492,8
493,3
494,5
495,6
496,1
497,1
498,6
499,4
500,7
501,6
502,7
503,1
504,6
505,7
506,3
507,4
508,8
509,0
510,3
511,2
512,5
513,9
514,6
515,0
516,2
517,2
518,9
519,9
520,2
521,2
522,3
523,5
524,2
525,6
526,0
527,4
528,0
529,3
530,5
531,9
532,5
533,3
534,9
535,1
536,9
537,1
538,0
539,8
540,4
541,4
542,0
543,3
544,7
545,4
546,2
547,9
548,0
549,0
550,1
551,3
552,9
553,6
554,0
555,0
556,2
557,3
558,6
559,9
560,7
561,3
562,0
563,2
564,4
565,2
566,4
567,7
568,6
569,9
570,3
571,9
572,6
573,7
574,2
575,5
576,2
577,4
578,6
579,7
580,9
581,7
582,5
583,5
584,5
585,1
586,5
587,1
588,2
589,5
590,3
591,1
592,9
593,8
594,4
595,7
596,3
597,0
598,7
599,1
600,3
601,1
602,9
603,8
604,2
605,1
606,9
607,1
608,3
609,0
610,4
611,3
612,3
613,9
614,3
615,5
616,0
617,5
618,7
619,0
620,8
621,0
622,1
623,5
624,8
625,3
626,2
627,5
628,2
629,3
630,8
631,8
632,4
633,8
634,1
635,0
636,7
637,3
638,5
639,3
640,1
641,2
642,4
643,7
644,0
645,7
646,4
647,2
648,3
649,1
650,7
651,9
652,0
653,0
654,5
655,0
656,7
657,5
658,7
659,0
660,9
661,8
662,0
663,0
664,0
665,9
666,8
667,2
668,7
669,1
670,6
671,2
672,1
673,0
674,9
675,9
676,1
677,4
678,4
679,8
680,6
681,5
682,5
683,5
684,1
685,5
686,3
687,3
688,0
689,4
690,2
691,5
692,7
693,6
694,8
695,8
696,8
697,6
698,2
699,6
700,9
701,8
702,6
703,3
704,5
705,2
706,5
707,0
708,6
709,0
710,3
711,7
712,2
713,7
714,2
715,1
716,1
717,3
718,7
719,4
720,8
721,8
722,4
723,9
724,0
725,8
726,9
727,4
728,8
729,6
730,6
731,4
732,7
733,2
734,1
735,0
736,4
737,7
738,4
739,8
740,1
741,0
742,9
743,5
744,6
745,7
746,1
747,9
748,0
749,8
750,5
751,2
752,2
753,4
754,4
755,4
756,6
757,3
758,8
759,9
760,9
761,0
762,2
763,5
764,0
765,4
766,0
767,1
768,6
769,9
770,7
771,9
772,2
773,6
774,8
775,4
776,5
777,4
778,2
779,3
780,0
781,1
782,5
783,9
784,8
785,1
786,9
787,9
788,8
789,4
790,3
791,5
792,1
793,1
794,2
795,3
796,3
797,5
798,1
799,4
800,5
801,7
802,8
803,2
804,0
805,9
806,3
807,0
808,2
809,5
810,9
811,7
812,7
813,8
814,2
815,0
816,2
817,4
818,2
819,8
820,5
821,3
822,0
823,8
824,6
825,5
826,6
827,5
828,8
829,6
830,0
831,3
832,0
833,4
834,6
835,3
836,6
837,7
838,5
839,5
840,2
841,6
842,1
843,4
844,0
845,5
846,2
847,4
848,9
849,6
850,1
851,9
852,8
853,5
854,5
855,3
856,3
857,9
858,5
859,2
860,8
861,3
862,8
863,2
864,5
865,3
866,8
867,2
868,9
869,0
870,3
871,0
872,3
873,3
874,9
875,2
876,0
877,8
878,7
879,1
880,6
881,5
882,6
883,0
884,6
885,0
886,9
887,2
888,7
889,8
890,3
891,1
892,0
893,8
894,4
895,0
896,7
897,1
898,9
899,9
900,1
901,3
902,6
903,2
904,6
905,0
906,8
907,3
908,8
909,0
910,6
911,4
912,8
913,8
914,0
915,3
916,3
917,1
918,0
919,8
920,7
921,4
922,9
923,5
924,2
925,7
926,2
927,5
928,9
929,5
930,7
931,8
932,0
933,9
934,9
935,1
936,6
937,5
938,0
939,6
940,4
941,4
942,8
943,2
944,2
945,2
946,7
947,8
948,1
949,8
950,7
951,6
952,5
953,7
954,8
955,8
956,0
957,6
958,4
959,6
960,7
961,6
962,1
963,5
964,7
965,3
966,8
967,2
968,9
969,2
970,7
971,9
972,4
973,6
974,7
975,3
976,3
977,2
978,5
979,8
980,9
981,6
982,2
983,5
984,7
985,2
986,5
987,9
988,3
989,8
990,8
991,4
992,4
993,0
994,6
995,1
996,9
997,1
998,2
999,2
1000,3
1001,9
1002,9
1003,5
1004,0
1005,8
1006,1
1007,1
1008,6
1009,9
1010,7
1011,7
1012,3
1013,6
1014,4
1015,9
1016,4
1017,6
1018,4
1019,8
1020,9
1021,9
1022,5
1023,8
1024,1
1025,4
1026,7
1027,8
1028,7
1029,1
1030,2
1031,5
1032,8
1033,6
1034,0
1035,2
1036,7
1037,1
1038,5
1039,2
1040,3
1041,7
1042,1
1043,0
1044,2
1045,4
1046,7
1047,9
1048,3
1049,6
1050,6
1051,3
1052,2
1053,6
1054,3
1055,3
1056,5
1057,1
1058,5
1059,7
1060,6
1061,2
1062,3
1063,2
1064,5
1065,8
1066,7
1067,3
1068,4
1069,8
1070,2
1071,2
1072,0
1073,8
1074,1
1075,9
1076,9
1077,0
1078,5
1079,1
1080,8
1081,6
1082,3
1083,4
1084,4
1085,7
1086,3
1087,7
1088,2
1089,3
1090,2
1091,3
1092,2
1093,5
1094,1
1095,4
1096,0
1097,7
1098,0
1099,7
1100,8
1101,0
1102,1
1103,1
1104,0
1105,2
1106,5
1107,0
1108,2
1109,1
1110,8
1111,8
1112,5
1113,6
1114,5
1115,7
1116,5
1117,1
1118,1
1119,7
1120,5
1121,6
1122,2
1123,4
1124,3
1125,7
1126,0
1127,9
1128,8
1129,2
1130,0
1131,9
1132,4
1133,6
1134,4
1135,3
1136,1
1137,4
1138,5
1139,5
1140,2
1141,4
1142,7
1143,3
1144,3
1145,1
1146,8
1147,3
1148,0
1149,0
1150,9
1151,2
1152,5
1153,4
1154,3
1155,3
1156,7
1157,7
1158,0
1159,7
1160,5
1161,2
1162,5
1163,6
1164,1
1165,8
1166,8
1167,6
1168,3
1169,5
1170,2
1171,1
1172,8
1173,4
1174,6
1175,8
1176,2
1177,6
1178,4
1179,5
1180,6
1181,3
1182,7
1183,9
1184,4
1185,9
1186,5
1187,6
1188,8
1189,4
1190,0
1191,7
1192,4
1193,5
1194,4
1195,8
1196,2
1197,4
1198,0
1199,3
1200,7
1201,0
1202,8
1203,9
1204,6
1205,5
1206,7
1207,8
1208,2
1209,6
1210,4
1211,4
1212,2
1213,1
1214,9
1215,0
1216,8
1217,6
1218,8
1219,5
1220,3
1221,8
1222,5
1223,0
1224,2
1225,8
1226,7
1227,4
1228,4
1229,9
1230,9
1231,7
1232,1
1233,7
1234,0
1235,4
1236,6
1237,4
1238,8
1239,9
1240,7
1241,5
1242,6
1243,5
1244,2
1245,7
1246,9
1247,7
1248,2
1249,5
1250,9
1251,8
1252,7
1253,3
1254,8
1255,6
1256,2
1257,5
1258,6
1259,3
1260,7
1261,6
1262,4
1263,3
1264,2
1265,5
1266,4
1267,5
1268,9
1269,7
1270,0
1271,3
1272,9
1273,0
1274,1
1275,2
1276,5
1277,1
1278,3
1279,4
1280,0
1281,1
1282,8
1283,3
1284,1
1285,9
1286,4
1287,6
1288,8
1289,1
1290,8
1291,8
1292,4
1293,4
1294,5
1295,6
1296,4
1297,3
1298,6
1299,2
1300,3
1301,2
1302,6
1303,5
1304,9
1305,3
1306,9
1307,0
1308,9
1309,2
1310,6
1311,2
1312,4
1313,2
1314,7
1315,4
1316,5
1317,0
1318,0
1319,2
1320,6
1321,9
1322,8
1323,5
1324,9
1325,5
1326,8
1327,4
1328,8
1329,7
1330,2
1331,4
1332,0
1333,4
1334,3
1335,7
1336,0
1337,4
1338,0
1339,0
1340,4
1341,5
1342,1
1343,1
1344,8
1345,0
1346,7
1347,9
1348,5
1349,0
1350,2
1351,5
1352,9
1353,5
1354,6
1355,7
1356,2
1357,2
1358,6
1359,2
1360,7
1361,7
1362,3
1363,3
1364,2
1365,8
1366,8
1367,9
1368,2
1369,5
1370,2
1371,6
1372,6
1373,4
1374,0
1375,4
1376,0
1377,4
1378,5
1379,0
1380,2
1381,5
1382,8
1383,9
1384,0
1385,2
1386,5
1387,2
1388,4
1389,6
1390,4
1391,2
1392,5
1393,5
1394,3
1395,6
1396,5
1397,3
1398,8
1399,7
1400,1
1401,0
1402,4
1403,0
1404,5
1405,6
1406,9
1407,0
1408,5
1409,8
1410,4
1411,9
1412,7
1413,4
1414,0
1415,9
1416,8
1417,1
1418,2
1419,0
1420,3
1421,7
1422,9
1423,9
1424,5
1425,0
1426,0
1427,1
1428,8
1429,1
1430,7
1431,5
1432,8
1433,7
1434,4
1435,5
1436,0
1437,3
1438,3
1439,0
1440,6
1441,6
1442,7
1443,1
1444,8
1445,8
1446,9
1447,9
1448,5
1449,5
1450,1
1451,8
1452,5
1453,1
1454,3
1455,0
1456,1
1457,7
1458,2
1459,3
1460,4
1461,9
1462,7
1463,8
1464,6
1465,2
1466,1
1467,9
1468,4
1469,2
1470,7
1471,9
1472,8
1473,6
1474,5
1475,5
1476,3
1477,2
1478,4
1479,6
1480,4
1481,9
1482,5
1483,9
1484,3
1485,3
1486,1
1487,1
1488,4
1489,2
1490,4
1491,8
1492,8
1493,2
1494,4
1495,5
1496,0
1497,5
1498,9
1499,4
1500,8
1501,1
1502,8
1503,6
1504,4
1505,6
1506,5
1507,3
1508,0
1509,0
1510,1
1511,8
1512,3
1513,8
1514,7
1515,5
1516,5
1517,8
1518,9
1519,7
1520,2
1521,1
1522,4
1523,1
1524,6
1525,6
1526,4
1527,3
1528,0
1529,1
1530,1
1531,6
1532,7
1533,6
1534,1
1535,1
1536,9
1537,2
1538,6
1539,9
1540,2
1541,6
1542,4
1543,6
1544,1
1545,7
1546,4
1547,3
1548,1
1549,7
1550,2
1551,3
1552,0
1553,2
1554,6
1555,6
1556,9
1557,5
1558,8
1559,6
1560,8
1561,2
1562,5
1563,1
1564,2
1565,0
1566,5
1567,2
1568,6
1569,8
1570,4
1571,2
1572,8
1573,7
1574,8
1575,2
1576,2
1577,5
1578,2
1579,7
1580,3
1581,5
1582,0
1583,0
1584,8
1585,2
1586,6
1587,5
1588,5
1589,3
1590,4
1591,2
1592,6
1593,9
1594,0
1595,0
1596,8
1597,8
1598,8
1599,2
1600,1
1601,1
1602,9
1603,3
1604,6
1605,1
1606,5
1607,1
1608,1
1609,8
1610,4
1611,3
1612,3
1613,5
1614,8
1615,9
1616,1
1617,7
1618,0
1619,5
1620,6
1621,3
1622,6
1623,2
1624,0
1625,8
1626,9
1627,9
1628,7
1629,9
1630,5
1631,1
1632,5
1633,3
1634,2
1635,2
1636,7
1637,2
1638,6
1639,3
1640,4
1641,9
1642,2
1643,3
1644,3
1645,3
1646,8
1647,0
1648,1
1649,0
1650,3
1651,8
1652,6
1653,9
1654,3
1655,9
1656,3
1657,1
1658,1
1659,9
1660,8
1661,6
1662,7
1663,4
1664,1
1665,6
1666,1
1667,7
1668,3
1669,3
1670,8
1671,7
1672,7
1673,5
1674,7
1675,3
1676,5
1677,6
1678,9
1679,0
1680,3
1681,5
1682,3
1683,2
1684,6
1685,0
1686,2
1687,5
1688,6
1689,9
1690,8
1691,2
1692,0
1693,9
1694,0
1695,4
1696,3
1697,6
1698,4
1699,0
1700,0
1701,8
1702,3
1703,9
1704,4
1705,2
1706,9
1707,7
1708,9
1709,0
1710,7
1711,5
1712,6
1713,2
1714,4
1715,6
1716,4
1717,2
1718,0
1719,5
1720,9
1721,8
1722,0
1723,0
1724,0
1725,4
1726,8
1727,0
1728,7
1729,4
1730,8
1731,7
1732,3
1733,9
1734,0
1735,5
1736,9
1737,5
1738,0
1739,8
1740,4
1741,8
1742,5
1743,9
1744,5
1745,4
1746,1
1747,4
1748,8
1749,6
1750,4
1751,7
1752,2
1753,4
1754,8
1755,7
1756,9
1757,8
1758,3
1759,1
1760,1
1761,0
1762,9
1763,2
1764,6
1765,3
1766,2
1767,1
1768,5
1769,3
1770,0
1771,1
1772,7
1773,2
1774,4
1775,4
1776,5
1777,2
1778,4
1779,5
1780,4
1781,1
1782,1
1783,8
1784,1
1785,5
1786,5
1787,0
1788,1
1789,6
1790,7
1791,6
1792,3
1793,8
1794,9
1795,5
1796,4
1797,3
1798,1
1799,8
1800,0
1801,6
1802,6
1803,5
1804,5
1805,9
1806,9
1807,1
1808,8
1809,6
1810,2
1811,5
1812,4
1813,1
1814,3
1815,6
1816,0
1817,8
1818,9
1819,4
1820,7
1821,1
1822,2
1823,5
1824,6
1825,0
1826,7
1827,9
1828,8
1829,0
1830,7
1831,6
1832,1
1833,2
1834,6
1835,5
1836,2
1837,6
1838,9
1839,3
1840,8
1841,0
1842,2
1843,8
1844,1
1845,6
1846,5
1847,6
1848,1
1849,7
1850,0
1851,2
1852,4
1853,1
1854,6
1855,5
1856,3
1857,5
1858,7
1859,4
1860,6
1861,9
1862,7
1863,9
1864,3
1865,1
1866,7
1867,9
1868,8
1869,3
1870,2
1871,4
1872,1
1873,5
1874,6
1875,6
1876,2
1877,3
1878,8
1879,5
1880,3
1881,6
1882,5
1883,9
1884,6
1885,2
1886,7
1887,5
1888,4
1889,7
1890,7
1891,5
1892,3
1893,6
1894,1
1895,6
1896,3
1897,8
1898,8
1899,7
1900,9
1901,8
1902,3
1903,9
1904,1
1905,2
1906,8
1907,6
1908,4
1909,6
1910,0
1911,3
1912,8
1913,1
1914,3
1915,5
1916,6
1917,7
1918,0
1919,7
1920,9
1921,1
1922,2
1923,6
1924,0
1925,4
1926,5
1927,3
1928,1
1929,0
1930,6
1931,3
1932,9
1933,0
1934,9
1935,2
1936,3
1937,1
1938,3
1939,8
1940,5
1941,4
1942,8
1943,8
1944,6
1945,2
1946,4
1947,7
1948,7
1949,0
1950,0
1951,3
1952,8
1953,8
1954,5
1955,3
1956,3
1957,3
1958,4
1959,2
1960,0
1961,5
1962,6
1963,9
1964,0
1965,9
1966,7
1967,4
1968,5
1969,3
1970,2
1971,5
1972,5
1973,5
1974,3
1975,4
1976,6
1977,3
1978,0
1979,9
1980,4
1981,0
1982,7
1983,5
1984,9
1985,4
1986,0
1987,3
1988,2
1989,0
1990,1
1991,8
1992,1
1993,3
1994,3
1995,6
1996,7
1997,6
1998,3
1999,7
2000,6
2001,3
2002,6
2003,2
2004,0
2005,3
2006,1
2007,4
2008,2
2009,6
2010,5
2011,1
2012,0
2013,4
2014,6
2015,0
2016,0
2017,9
2018,1
2019,4
2020,3
2021,9
2022,1
2023,1
2024,5
2025,7
2026,7
2027,2
2028,8
2029,1
2030,8
2031,0
2032,8
2033,7
2034,8
2035,2
2036,7
2037,6
2038,9
2039,1
2040,4
2041,8
2042,9
2043,5
2044,0
2045,4
2046,8
2047,6
2048,6
2049,5
2050,6
2051,1
2052,5
2053,5
2054,7
2055,6
2056,3
2057,0
2058,3
2059,9
2060,7
2061,0
2062,4
2063,8
2064,5
2065,0
2066,8
2067,7
2068,1
2069,5
2070,7
2071,9
2072,3
2073,4
2074,9
2075,7
2076,6
2077,7
2078,5
2079,9
2080,2
2081,5
2082,2
2083,8
2084,8
2085,0
2086,5
2087,6
2088,8
2089,0
2090,2
2091,6
2092,9
2093,9
2094,0
2095,5
2096,0
2097,0
2098,2
2099,6
2100,5
2101,7
2102,4
2103,7
2104,9
2105,5
2106,9
2107,6
2108,1
2109,9
2110,2
2111,1
2112,9
2113,4
2114,0
2115,7
2116,8
2117,9
2118,7
2119,0
2120,9
2121,0
2122,5
2123,6
2124,8
2125,5
2126,8
2127,0
2128,6
2129,8
2130,6
2131,9
2132,1
2133,5
2134,5
2135,4
2136,9
2137,9
2138,8
2139,6
2140,7
2141,6
2142,5
2143,6
2144,4
2145,0
2146,8
2147,9
2148,3
2149,3
2150,1
2151,2
2152,3
2153,5
2154,9
2155,8
2156,3
2157,0
2158,9
2159,6
2160,4
2161,8
2162,8
2163,8
2164,9
2165,8
2166,4
2167,1
2168,8
2169,5
2170,3
2171,3
2172,3
2173,3
2174,3
2175,4
2176,9
2177,7
2178,1
2179,8
2180,9
2181,7
2182,5
2183,9
2184,1
2185,1
2186,4
2187,2
2188,8
2189,3
2190,8
2191,2
2192,6
2193,2
2194,6
2195,2
2196,1
2197,5
2198,7
2199,8
2200,7
2201,0
2202,2
2203,3
2204,0
2205,3
2206,7
2207,7
2208,4
2209,4
2210,2
2211,8
2212,9
2213,9
2214,0
2215,7
2216,9
2217,2
2218,5
2219,0
2220,1
2221,6
2222,3
2223,2
2224,1
2225,2
2226,6
2227,6
2228,8
2229,9
2230,1
2231,9
2232,6
2233,0
2234,2
2235,4
2236,7
2237,9
2238,9
2239,8
2240,4
2241,9
2242,0
2243,9
2244,3
2245,7
2246,7
2247,8
2248,1
2249,4
2250,9
2251,1
2252,3
2253,3
2254,1
2255,2
2256,3
2257,4
2258,5
2259,2
2260,9
2261,6
2262,9
2263,7
2264,6
2265,4
2266,7
2267,2
2268,5
2269,2
2270,8
2271,8
2272,8
2273,6
2274,7
2275,1
2276,4
2277,4
2278,0
2279,8
2280,6
2281,1
2282,8
2283,7
2284,0
2285,0
2286,0
2287,8
2288,0
2289,7
2290,1
2291,3
2292,8
2293,9
2294,2
2295,4
2296,3
2297,2
2298,8
2299,8
2300,5
2301,7
2302,4
2303,3
2304,0
2305,6
2306,8
2307,8
2308,0
2309,0
2310,7
2311,2
2312,7
2313,7
2314,6
2315,7
2316,8
2317,8
2318,2
2319,9
2320,4
2321,9
2322,3
2323,9
2324,8
2325,2
2326,8
2327,6
2328,1
2329,2
2330,2
2331,1
2332,2
2333,1
2334,2
2335,2
2336,7
2337,7
2338,4
2339,8
2340,6
2341,9
2342,3
2343,9
2344,6
2345,4
2346,7
2347,4
2348,1
2349,1
2350,1
2351,4
2352,4
2353,4
2354,6
2355,7
2356,3
2357,6
2358,6
2359,5
2360,0
2361,6
2362,2
2363,9
2364,8
2365,9
2366,3
2367,7
2368,4
2369,5
2370,4
2371,3
2372,1
2373,2
2374,5
2375,2
2376,3
2377,2
2378,3
2379,6
2380,6
2381,7
2382,0
2383,4
2384,2
2385,5
2386,0
2387,2
2388,9
2389,3
2390,8
2391,4
2392,8
2393,4
2394,7
2395,9
2396,5
2397,5
2398,8
2399,5
2400,5
2401,7
2402,7
2403,4
2404,6
2405,2
2406,8
2407,9
2408,5
2409,8
2410,3
2411,1
2412,1
2413,7
2414,2
2415,6
2416,9
2417,9
2418,7
2419,7
2420,4
2421,9
2422,4
2423,3
2424,2
2425,7
2426,1
2427,8
2428,3
2429,0
2430,3
2431,6
2432,1
2433,7
2434,6
2435,4
2436,2
2437,9
2438,4
2439,7
2440,8
2441,6
2442,7
2443,4
2444,5
2445,8
2446,7
2447,2
2448,7
2449,3
2450,7
2451,5
2452,8
2453,1
2454,0
2455,7
2456,8
2457,5
2458,1
2459,3
2460,8
2461,4
2462,6
2463,4
2464,1
2465,5
2466,7
2467,8
2468,3
2469,8
2470,5
2471,0
2472,1
2473,7
2474,0
2475,1
2476,2
2477,1
2478,1
2479,4
2480,8
2481,4
2482,5
2483,4
2484,9
2485,0
2486,1
2487,6
2488,5
2489,1
2490,7
2491,6
2492,6
2493,8
2494,0
2495,0
2496,0
2497,7
2498,4
2499,4
2500,3
2501,4
2502,4
2503,9
2504,0
2505,1
2506,5
2507,1
2508,8
2509,5
2510,6
2511,1
2512,9
2513,7
2514,7
2515,6
2516,4
2517,2
2518,9
2519,9
2520,1
2521,3
2522,6
2523,7
2524,8
2525,0
2526,6
2527,9
2528,9
2529,0
2530,9
2531,7
2532,2
2533,5
2534,5
2535,7
2536,7
2537,4
2538,3
2539,2
2540,4
2541,3
2542,4
2543,1
2544,9
2545,6
2546,5
2547,4
2548,9
2549,0
2550,6
2551,6
2552,8
2553,2
2554,8
2555,2
2556,9
2557,4
2558,6
2559,7
2560,4
2561,4
2562,2
2563,5
2564,7
2565,7
2566,2
2567,5
2568,4
2569,8
2570,1
2571,2
2572,6
2573,0
2574,7
2575,9
2576,9
2577,0
2578,7
2579,3
2580,2
2581,9
2582,4
2583,6
2584,2
2585,0
2586,5
2587,0
2588,8
2589,3
2590,9
2591,0
2592,3
2593,1
2594,0
2595,0
2596,7
2597,4
2598,9
2599,1
2600,1
2601,6
2602,8
2603,5
2604,6
2605,4
2606,1
2607,7
2608,9
2609,2
2610,3
2611,9
2612,6
2613,4
2614,5
2615,7
2616,2
2617,5
2618,2
2619,3
2620,3
2621,1
2622,0
2623,9
2624,4
2625,2
2626,6
2627,1
2628,5
2629,7
2630,0
2631,1
2632,0
2633,7
2634,1
2635,7
2636,2
2637,2
2638,9
2639,2
2640,7
2641,7
2642,1
2643,9
2644,1
2645,0
2646,1
2647,4
2648,0
2649,9
2650,4
2651,2
2652,6
2653,1
2654,7
2655,7
2656,9
2657,2
2658,9
2659,8
2660,5
2661,9
2662,2
2663,4
2664,2
2665,7
2666,3
2667,1
2668,6
2669,3
2670,9
2671,4
2672,4
2673,5
2674,2
2675,7
2676,1
2677,8
2678,7
2679,9
2680,1
2681,9
2682,5
2683,7
2684,7
2685,2
2686,2
2687,3
2688,9
2689,6
2690,0
2691,9
2692,5
2693,2
2694,0
2695,7
2696,2
2697,3
2698,8
2699,3
2700,7
2701,7
2702,5
2703,2
2704,7
2705,7
2706,0
2707,7
2708,1
2709,8
2710,2
2711,1
2712,3
2713,3
2714,5
2715,1
2716,7
2717,4
2718,3
2719,5
2720,2
2721,4
2722,4
2723,2
2724,7
2725,7
2726,6
2727,9
2728,9
2729,5
2730,5
2731,9
2732,6
2733,6
2734,2
2735,1
2736,3
2737,7
2738,5
2739,1
2740,7
2741,2
2742,5
2743,1
2744,7
2745,5
2746,7
2747,7
2748,0
2749,2
2750,1
2751,2
2752,1
2753,8
2754,6
2755,1
2756,2
2757,8
2758,1
2759,6
2760,8
2761,4
2762,6
2763,5
2764,6
2765,1
2766,6
2767,4
2768,3
2769,6
2770,3
2771,4
2772,1
2773,0
2774,9
2775,7
2776,0
2777,5
2778,1
2779,3
2780,1
2781,5
2782,0
2783,0
2784,1
2785,9
2786,5
2787,9
2788,3
2789,4
2790,3
2791,6
2792,8
2793,9
2794,7
2795,6
2796,6
2797,4
2798,5
2799,5
2800,7
2801,5
2802,8
2803,0
2804,9
2805,8
2806,2
2807,9
2808,2
2809,6
2810,1
2811,0
2812,0
2813,2
2814,4
2815,9
2816,4
2817,8
2818,2
2819,5
2820,7
2821,5
2822,4
2823,3
2824,4
2825,0
2826,4
2827,5
2828,4
2829,7
2830,2
2831,3
2832,9
2833,0
2834,7
2835,7
2836,3
2837,3
2838,3
2839,4
2840,4
2841,2
2842,6
2843,2
2844,3
2845,1
2846,8
2847,7
2848,0
2849,8
2850,1
2851,9
2852,0
2853,9
2854,2
2855,8
2856,6
2857,9
2858,3
2859,6
2860,0
2861,5
2862,2
2863,6
2864,9
2865,3
2866,8
2867,3
2868,4
2869,1
2870,8
2871,7
2872,9
2873,1
2874,5
2875,9
2876,5
2877,2
2878,9
2879,0
2880,8
2881,4
2882,2
2883,4
2884,0
2885,4
2886,5
2887,2
2888,0
2889,0
2890,4
2891,6
2892,9
2893,7
2894,7
2895,4
2896,4
2897,6
2898,4
2899,8
2900,7
2901,9
2902,3
2903,2
2904,8
2905,8
2906,2
2907,8
2908,7
2909,0
2910,1
2911,3
2912,2
2913,4
2914,9
2915,9
2916,4
2917,0
2918,4
2919,8
2920,2
2921,3
2922,6
2923,5
2924,6
2925,8
2926,5
2927,0
2928,3
2929,2
2930,8
2931,6
2932,7
2933,4
2934,8
2935,0
2936,5
2937,2
2938,1
2939,1
2940,8
2941,9
2942,3
2943,0
2944,5
2945,5
2946,8
2947,4
2948,2
2949,9
2950,1
2951,0
2952,2
2953,4
2954,5
2955,5
2956,3
2957,8
2958,3
2959,3
2960,6
2961,6
2962,4
2963,9
2964,8
2965,2
2966,4
2967,1
2968,9
2969,1
2970,8
2971,4
2972,2
2973,8
2974,7
2975,9
2976,9
2977,8
2978,4
2979,8
2980,1
2981,8
2982,5
2983,1
2984,9
2985,8
2986,8
2987,9
2988,6
2989,4
2990,7
2991,8
2992,2
2993,3
2994,3
2995,4
2996,8
2997,0
2998,2
2999,7
3000,1
3001,5
3002,4
3003,3
3004,7
3005,0
3006,1
3007,4
3008,8
3009,9
3010,7
3011,3
3012,7
3013,8
3014,1
3015,5
3016,0
3017,3
3018,8
3019,9
3020,4
3021,6
3022,1
3023,2
3024,2
3025,6
3026,8
3027,9
3028,4
3029,3
3030,7
3031,9
3032,0
3033,9
3034,3
3035,3
3036,0
3037,2
3038,6
3039,0
3040,3
3041,4
3042,4
3043,1
3044,8
3045,2
3046,6
3047,7
3048,7
3049,8
3050,8
3051,3
3052,7
3053,1
3054,3
3055,8
3056,4
3057,5
3058,7
3059,5
3060,8
3061,3
3062,1
3063,8
3064,2
3065,2
3066,1
3067,7
3068,7
3069,3
3070,0
3071,1
3072,9
3073,0
3074,0
3075,9
3076,1
3077,9
3078,4
3079,8
3080,9
3081,0
3082,2
3083,2
3084,5
3085,6
3086,5
3087,8
3088,0
3089,7
3090,1
3091,9
3092,0
3093,3
3094,1
3095,8
3096,3
3097,3
3098,5
3099,6
3100,0
3101,1
3102,5
3103,4
3104,5
3105,9
3106,3
3107,4
3108,9
3109,7
3110,9
3111,4
3112,6
3113,4
3114,2
3115,9
3116,7
3117,9
3118,8
3119,8
3120,7
3121,1
3122,5
3123,0
3124,4
3125,7
3126,4
3127,1
3128,7
3129,6
3130,2
3131,4
3132,1
3133,4
3134,1
3135,9
3136,1
3137,6
3138,9
3139,7
3140,9
3141,7
3142,0
3143,5
3144,3
3145,2
3146,5
3147,6
3148,8
3149,2
3150,8
3151,7
3152,7
3153,8
3154,4
3155,1
3156,0
3157,1
3158,3
3159,4
3160,4
3161,9
3162,8
3163,6
3164,9
3165,3
3166,0
3167,4
3168,7
3169,8
3170,5
3171,2
3172,3
3173,7
3174,4
3175,6
3176,4
3177,7
3178,4
3179,7
3180,7
3181,7
3182,7
3183,2
3184,0
3185,9
3186,9
3187,8
3188,4
3189,5
3190,7
3191,1
3192,7
3193,4
3194,2
3195,4
3196,8
3197,1
3198,9
3199,8
3200,6
3201,0
3202,2
3203,9
3204,3
3205,2
3206,9
3207,4
3208,0
3209,5
3210,4
3211,4
3212,1
3213,5
3214,2
3215,0
3216,5
3217,0
3218,2
3219,1
3220,4
3221,6
3222,6
3223,7
3224,3
3225,1
3226,2
3227,1
3228,2
3229,1
3230,9
3231,4
3232,7
3233,1
3234,9
3235,1
3236,1
3237,7
3238,6
3239,8
3240,7
3241,7
3242,5
3243,8
3244,3
3245,1
3246,5
3247,5
3248,7
3249,4
3250,3
3251,1
3252,8
3253,9
3254,2
3255,0
3256,6
3257,2
3258,1
3259,0
3260,4
3261,8
3262,9
3263,2
3264,5
3265,5
3266,3
3267,0
3268,5
3269,8
3270,9
3271,5
3272,8
3273,8
3274,2
3275,0
3276,4
3277,5
3278,9
3279,1
3280,5
3281,0
3282,4
3283,6
3284,7
3285,5
3286,2
3287,5
3288,7
3289,9
3290,1
3291,4
3292,7
3293,7
3294,5
3295,0
3296,4
3297,3
3298,4
3299,1
3300,8
3301,7
3302,1
3303,7
3304,3
3305,5
3306,9
3307,5
3308,4
3309,6
3310,9
3311,0
3312,0
3313,7
3314,0
3315,4
3316,0
3317,9
3318,1
3319,6
3320,4
3321,5
3322,4
3323,3
3324,7
3325,8
3326,8
3327,4
3328,1
3329,0
3330,7
3331,8
3332,6
3333,3
3334,8
3335,3
3336,8
3337,7
3338,6
3339,0
3340,6
3341,0
3342,8
3343,6
3344,2
3345,8
3346,6
3347,7
3348,8
3349,4
3350,6
3351,0
3352,5
3353,7
3354,1
3355,0
3356,8
3357,4
3358,5
3359,6
3360,8
3361,9
3362,6
3363,9
3364,2
3365,3
3366,0
3367,8
3368,6
3369,3
3370,7
3371,4
3372,6
3373,5
3374,4
3375,6
3376,4
3377,6
3378,2
3379,7
3380,0
3381,8
3382,7
3383,8
3384,3
3385,2
3386,8
3387,8
3388,4
3389,3
3390,6
3391,3
3392,4
3393,1
3394,4
3395,1
3396,2
3397,8
3398,0
3399,0
3400,8
3401,1
3402,2
3403,8
3404,5
3405,6
3406,3
3407,2
3408,0
3409,9
3410,8
3411,9
3412,4
3413,2
3414,3
3415,1
3416,6
3417,2
3418,4
3419,4
3420,5
3421,6
3422,8
3423,9
3424,9
3425,3
3426,9
3427,2
3428,5
3429,0
3430,0
3431,8
3432,7
3433,8
3434,3
3435,2
3436,9
3437,5
3438,1
3439,1
3440,1
3441,4
3442,0
3443,6
3444,7
3445,0
3446,2
3447,2
3448,9
3449,1
3450,0
3451,2
3452,7
3453,1
3454,9
3455,6
3456,7
3457,5
3458,3
3459,0
3460,5
3461,6
3462,2
3463,4
3464,2
3465,6
3466,4
3467,6
3468,8
3469,2
3470,5
3471,6
3472,9
3473,3
3474,5
3475,9
3476,7
3477,5
3478,3
3479,3
3480,9
3481,3
3482,5
3483,9
3484,5
3485,4
3486,8
3487,8
3488,3
3489,0
3490,0
3491,7
3492,3
3493,0
3494,0
3495,8
3496,7
3497,5
3498,8
3499,0
3500,3
3501,0
3502,9
3503,7
3504,0
3505,5
3506,9
3507,0
3508,8
3509,8
3510,4
3511,7
3512,3
3513,0
3514,2
3515,6
3516,0
3517,4
3518,7
3519,4
3520,1
3521,6
3522,1
3523,7
3524,7
3525,8
3526,9
3527,9
3528,8
3529,1
3530,1
3531,0
3532,2
3533,3
3534,0
3535,2
3536,9
3537,0
3538,3
3539,4
3540,2
3541,5
3542,2
3543,5
3544,7
3545,4
3546,5
3547,2
3548,0
3549,2
3550,3
3551,2
3552,0
3553,3
3554,6
3555,1
3556,1
3557,2
3558,4
3559,3
3560,7
3561,0
3562,7
3563,9
3564,5
3565,5
3566,5
3567,7
3568,9
3569,6
3570,3
3571,1
3572,3
3573,3
3574,6
3575,8
3576,3
3577,9
3578,1
3579,3
3580,1
3581,9
3582,8
3583,4
3584,9
3585,6
3586,8
3587,0
3588,2
3589,1
3590,8
3591,9
3592,6
3593,5
3594,8
3595,8
3596,2
3597,1
3598,3
3599,4
3600,5
3601,3
3602,8
3603,7
3604,6
3605,5
3606,7
3607,3
3608,9
3609,7
3610,1
3611,6
3612,7
3613,4
3614,6
3615,4
3616,5
3617,7
3618,0
3619,6
3620,8
3621,7
3622,4
3623,4
3624,4
3625,2
3626,9
3627,8
3628,9
3629,3
3630,3
3631,0
3632,4
3633,7
3634,7
3635,8
3636,4
3637,1
3638,9
3639,7
3640,6
3641,7
3642,3
3643,6
3644,4
3645,8
3646,2
3647,2
3648,2
3649,6
3650,6
3651,2
3652,3
3653,2
3654,7
3655,1
3656,1
3657,3
3658,8
3659,2
3660,6
3661,8
3662,2
3663,2
3664,1
3665,7
3666,0
3667,0
3668,2
3669,4
3670,1
3671,8
3672,3
3673,9
3674,6
3675,1
3676,9
3677,8
3678,0
3679,8
3680,9
3681,3
3682,0
3683,5
3684,2
3685,1
3686,9
3687,1
3688,0
3689,9
3690,3
3691,8
3692,6
3693,9
3694,1
3695,8
3696,2
3697,8
3698,2
3699,4
3700,3
3701,6
3702,9
3703,7
3704,7
3705,0
3706,0
3707,3
3708,2
3709,0
3710,7
3711,1
3712,9
3713,8
3714,4
3715,0
3716,2
3717,0
3718,1
3719,3
3720,7
3721,1
3722,8
3723,1
3724,8
3725,7
3726,6
3727,7
3728,6
3729,6
3730,9
3731,2
3732,1
3733,5
3734,8
3735,2
3736,3
3737,3
3738,7
3739,1
3740,9
3741,1
3742,4
3743,5
3744,2
3745,2
3746,5
3747,4
3748,0
3749,1
3750,5
3751,8
3752,0
3753,1
3754,0
3755,5
3756,7
3757,1
3758,5
3759,2
3760,3
3761,0
3762,8
3763,5
3764,6
3765,7
3766,7
3767,6
3768,1
3769,9
3770,7
3771,4
3772,9
3773,1
3774,7
3775,4
3776,6
3777,0
3778,7
3779,5
3780,8
3781,1
3782,3
3783,1
3784,8
3785,6
3786,0
3787,3
3788,4
3789,7
3790,2
3791,6
3792,2
3793,4
3794,6
3795,4
3796,5
3797,3
3798,4
3799,1
3800,0
3801,0
3802,4
3803,9
3804,0
3805,9
3806,1
3807,3
3808,7
3809,2
3810,5
3811,0
3812,7
3813,7
3814,3
3815,7
3816,1
3817,1
3818,9
3819,0
3820,9
3821,2
3822,3
3823,3
3824,1
3825,8
3826,4
3827,5
3828,9
3829,6
3830,4
3831,9
3832,5
3833,2
3834,9
3835,4
3836,2
3837,8
3838,9
3839,3
3840,1
3841,6
3842,8
3843,6
3844,5
3845,4
3846,6
3847,9
3848,9
3849,0
3850,5
3851,0
3852,2
3853,5
3854,0
3855,8
3856,8
3857,5
3858,6
3859,5
3860,9
3861,0
3862,8
3863,3
3864,8
3865,0
3866,1
3867,0
3868,8
3869,6
3870,8
3871,6
3872,9
3873,7
3874,8
3875,1
3876,5
3877,0
3878,5
3879,2
3880,0
3881,9
3882,1
3883,0
3884,1
3885,3
3886,7
3887,5
3888,4
3889,8
3890,1
3891,9
3892,8
3893,4
3894,1
3895,7
3896,6
3897,3
3898,4
3899,7
3900,3
3901,2
3902,0
3903,4
3904,2
3905,2
3906,6
3907,9
3908,4
3909,4
3910,0
3911,6
3912,2
3913,5
3914,3
3915,6
3916,1
3917,3
3918,4
3919,1
3920,9
3921,4
3922,0
3923,1
3924,7
3925,4
3926,5
3927,5
3928,2
3929,7
3930,1
3931,5
3932,8
3933,7
3934,9
3935,6
3936,3
3937,5
3938,3
3939,3
3940,2
3941,2
3942,5
3943,5
3944,2
3945,7
3946,1
3947,0
3948,2
3949,9
3950,7
3951,0
3952,0
3953,1
3954,8
3955,2
3956,9
3957,5
3958,8
3959,6
3960,0
3961,3
3962,2
3963,7
3964,4
3965,1
3966,1
3967,5
3968,0
3969,5
3970,0
3971,3
3972,7
3973,4
3974,3
3975,7
3976,6
3977,8
3978,0
3979,4
3980,6
3981,7
3982,1
3983,5
3984,8
3985,8
3986,8
3987,7
3988,1
3989,2
3990,8
3991,8
3992,7
3993,7
3994,4
3995,1
3996,2
3997,8
3998,8
3999,8
4000,0
4001,0
4002,6
4003,8
4004,3
4005,0
4006,5
4007,3
4008,0
4009,3
4010,9
4011,0
4012,9
4013,5
4014,8
4015,2
4016,4
4017,0
4018,4
4019,0
4020,0
4021,6
4022,7
4023,5
4024,5
4025,6
4026,4
4027,7
4028,3
4029,6
4030,0
4031,3
4032,2
4033,2
4034,7
4035,0
4036,0
4037,7
4038,5
4039,2
4040,2
4041,1
4042,6
4043,3
4044,7
4045,5
4046,8
4047,7
4048,8
4049,2
4050,2
4051,2
4052,8
4053,7
4054,3
4055,9
4056,0
4057,2
4058,2
4059,3
4060,3
4061,0
4062,4
4063,1
4064,5
4065,2
4066,0
4067,3
4068,8
4069,4
4070,3
4071,8
4072,3
4073,3
4074,8
4075,0
4076,6
4077,3
4078,4
4079,4
4080,8
4081,7
4082,3
4083,3
4084,5
4085,1
4086,1
4087,8
4088,3
4089,1
4090,0
4091,0
4092,8
4093,7
4094,0
4095,0
4096,5
4097,4
4098,7
4099,0
4100,1
4101,9
4102,9
4103,3
4104,8
4105,8
4106,6
4107,3
4108,3
4109,4
4110,1
4111,5
4112,7
4113,6
4114,2
4115,8
4116,8
4117,5
4118,8
4119,8
4120,7
4121,3
4122,2
4123,5
4124,6
4125,7
4126,2
4127,2
4128,7
4129,3
4130,3
4131,4
4132,4
4133,3
4134,1
4135,4
4136,2
4137,7
4138,7
4139,6
4140,1
4141,9
4142,2
4143,5
4144,5
4145,0
4146,2
4147,1
4148,9
4149,0
4150,4
4151,9
4152,8
4153,3
4154,0
4155,1
4156,6
4157,5
4158,0
4159,0
4160,1
4161,4
4162,4
4163,3
4164,5
4165,6
4166,0
4167,8
4168,8
4169,8
4170,6
4171,4
4172,1
4173,6
4174,9
4175,7
4176,5
4177,7
4178,3
4179,3
4180,3
4181,8
4182,6
4183,3
4184,7
4185,8
4186,3
4187,3
4188,3
4189,8
4190,9
4191,8
4192,1
4193,5
4194,0
4195,8
4196,7
4197,9
4198,4
4199,9
4200,2
4201,1
4202,4
4203,9
4204,4
4205,8
4206,6
4207,8
4208,2
4209,2
4210,4
4211,7
4212,8
4213,0
4214,8
4215,0
4216,6
4217,1
4218,3
4219,3
4220,1
4221,9
4222,3
4223,7
4224,8
4225,4
4226,5
4227,3
4228,3
4229,2
4230,4
4231,5
4232,2
4233,8
4234,7
4235,2
4236,1
4237,1
4238,6
4239,1
4240,7
4241,7
4242,3
4243,3
4244,2
4245,8
4246,4
4247,5
4248,4
4249,6
4250,0
4251,3
4252,8
4253,8
4254,1
4255,8
4256,4
4257,1
4258,2
4259,0
4260,6
4261,8
4262,8
4263,7
4264,0
4265,8
4266,7
4267,4
4268,8
4269,2
4270,6
4271,2
4272,8
4273,7
4274,1
4275,3
4276,8
4277,2
4278,3
4279,1
4280,9
4281,0
4282,6
4283,6
4284,5
4285,8
4286,3
4287,0
4288,4
4289,0
4290,7
4291,4
4292,5
4293,5
4294,0
4295,8
4296,0
4297,4
4298,0
4299,7
4300,9
4301,3
4302,8
4303,0
4304,3
4305,1
4306,2
4307,7
4308,3
4309,8
4310,1
4311,5
4312,6
4313,9
4314,6
4315,8
4316,7
4317,6
4318,1
4319,7
4320,1
4321,7
4322,4
4323,3
4324,2
4325,4
4326,3
4327,4
4328,4
4329,7
4330,6
4331,5
4332,5
4333,9
4334,5
4335,7
4336,4
4337,5
4338,7
4339,0
4340,9
4341,8
4342,0
4343,5
4344,1
4345,4
4346,4
4347,8
4348,2
4349,9
4350,0
4351,0
4352,9
4353,9
4354,2
4355,2
4356,0
4357,6
4358,2
4359,6
4360,6
4361,0
4362,5
4363,9
4364,6
4365,6
4366,9
4367,5
4368,7
4369,3
4370,1
4371,8
4372,0
4373,9
4374,0
4375,4
4376,2
4377,2
4378,9
4379,8
4380,4
4381,0
4382,2
4383,0
4384,4
4385,4
4386,3
4387,2
4388,4
4389,1
4390,4
4391,7
4392,7
4393,9
4394,9
4395,4
4396,1
4397,5
4398,7
4399,4
4400,0
4401,9
4402,2
4403,1
4404,9
4405,2
4406,1
4407,7
4408,0
4409,1
4410,3
4411,4
4412,0
4413,1
4414,4
4415,9
4416,4
4417,8
4418,7
4419,2
4420,5
4421,1
4422,0
4423,9
4424,9
4425,1
4426,6
4427,1
4428,5
4429,8
4430,1
4431,3
4432,2
4433,9
4434,5
4435,4
4436,1
4437,9
4438,4
4439,4
4440,4
4441,3
4442,3
4443,0
4444,2
4445,2
4446,1
4447,7
4448,4
4449,5
4450,0
4451,2
4452,4
4453,2
4454,8
4455,2
4456,7
4457,4
4458,7
4459,5
4460,1
4461,1
4462,0
4463,2
4464,3
4465,4
4466,1
4467,7
4468,4
4469,3
4470,1
4471,2
4472,5
4473,6
4474,7
4475,2
4476,8
4477,6
4478,2
4479,5
4480,7
4481,6
4482,5
4483,6
4484,8
4485,3
4486,4
4487,7
4488,2
4489,7
4490,6
4491,2
4492,9
4493,6
4494,6
4495,4
4496,0
4497,3
4498,9
4499,4
4500,8
4501,6
4502,3
4503,9
4504,8
4505,7
4506,7
4507,3
4508,9
4509,5
4510,2
4511,2
4512,0
4513,0
4514,1
4515,8
4516,6
4517,1
4518,1
4519,5
4520,8
4521,2
4522,3
4523,2
4524,4
4525,3
4526,0
4527,8
4528,2
4529,4
4530,1
4531,4
4532,8
4533,0
4534,5
4535,2
4536,1
4537,7
4538,2
4539,9
4540,3
4541,0
4542,4
4543,7
4544,4
4545,6
4546,4
4547,9
4548,8
4549,6
4550,8
4551,6
4552,3
4553,5
4554,8
4555,3
4556,1
4557,3
4558,7
4559,9
4560,2
4561,4
4562,8
4563,3
4564,7
4565,5
4566,8
4567,7
4568,3
4569,0
4570,6
4571,0
4572,6
4573,1
4574,7
4575,4
4576,8
4577,8
4578,2
4579,1
4580,7
4581,7
4582,0
4583,1
4584,8
4585,7
4586,6
4587,5
4588,9
4589,7
4590,2
4591,3
4592,3
4593,1
4594,8
4595,9
4596,7
4597,8
4598,3
4599,8
4600,2
4601,4
4602,5
4603,7
4604,8
4605,0
4606,3
4607,4
4608,3
4609,5
4610,9
4611,8
4612,7
4613,8
4614,5
4615,4
4616,8
4617,7
4618,3
4619,4
4620,4
4621,0
4622,6
4623,5
4624,9
4625,4
4626,4
4627,0
4628,2
4629,8
4630,4
4631,0
4632,8
4633,3
4634,2
4635,5
4636,7
4637,4
4638,4
4639,6
4640,3
4641,1
4642,2
4643,4
4644,3
4645,9
4646,9
4647,3
4648,6
4649,8
4650,5
4651,6
4652,8
4653,4
4654,4
4655,5
4656,7
4657,7
4658,3
4659,9
4660,4
4661,4
4662,0
4663,7
4664,2
4665,2
4666,4
4667,0
4668,6
4669,4
4670,7
4671,8
4672,2
4673,7
4674,7
4675,6
4676,4
4677,3
4678,8
4679,6
4680,7
4681,6
4682,3
4683,3
4684,2
4685,2
4686,4
4687,0
4688,2
4689,8
4690,7
4691,9
4692,4
4693,9
4694,0
4695,8
4696,9
4697,5
4698,0
4699,7
4700,2
4701,4
4702,9
4703,3
4704,8
4705,8
4706,0
4707,6
4708,0
4709,7
4710,7
4711,3
4712,2
4713,9
4714,8
4715,4
4716,8
4717,0
4718,7
4719,7
4720,4
4721,6
4722,4
4723,1
4724,5
4725,3
4726,5
4727,8
4728,3
4729,9
4730,5
4731,9
4732,2
4733,3
4734,3
4735,2
4736,5
4737,6
4738,8
4739,0
4740,2
4741,5
4742,9
4743,4
4744,9
4745,9
4746,5
4747,5
4748,4
4749,3
4750,5
4751,3
4752,5
4753,0
4754,3
4755,2
4756,0
4757,4
4758,3
4759,2
4760,7
4761,9
4762,6
4763,6
4764,5
4765,4
4766,9
4767,6
4768,4
4769,2
4770,0
4771,2
4772,9
4773,6
4774,7
4775,7
4776,6
4777,2
4778,7
4779,2
4780,6
4781,1
4782,0
4783,7
4784,9
4785,6
4786,2
4787,2
4788,7
4789,5
4790,4
4791,6
4792,8
4793,1
4794,5
4795,6
4796,0
4797,3
4798,0
4799,2
4800,2
4801,5
4802,2
4803,2
4804,3
4805,8
4806,3
4807,5
4808,4
4809,0
4810,2
4811,1
4812,0
4813,7
4814,3
4815,6
4816,4
4817,6
4818,7
4819,9
4820,9
4821,0
4822,2
4823,3
4824,8
4825,7
4826,2
4827,1
4828,2
4829,6
4830,3
4831,5
4832,4
4833,7
4834,4
4835,7
4836,6
4837,4
4838,8
4839,6
4840,7
4841,5
4842,6
4843,0
4844,8
4845,2
4846,9
4847,7
4848,0
4849,9
4850,5
4851,1
4852,4
4853,3
4854,2
4855,3
4856,3
4857,7
4858,4
4859,0
4860,3
4861,6
4862,3
4863,0
4864,6
4865,3
4866,1
4867,4
4868,7
4869,0
4870,7
4871,0
4872,9
4873,9
4874,1
4875,9
4876,1
4877,4
4878,3
4879,0
4880,6
4881,2
4882,2
4883,7
4884,3
4885,2
4886,4
4887,3
4888,3
4889,8
4890,0
4891,5
4892,1
4893,3
4894,2
4895,4
4896,1
4897,3
4898,2
4899,1
4900,2
4901,1
4902,3
4903,2
4904,1
4905,2
4906,2
4907,4
4908,5
4909,2
4910,9
4911,7
4912,7
4913,1
4914,7
4915,7
4916,3
4917,1
4918,2
4919,4
4920,1
4921,4
4922,9
4923,1
4924,4
4925,9
4926,5
4927,9
4928,2
4929,9
4930,3
4931,5
4932,5
4933,6
4934,4
4935,3
4936,6
4937,8
4938,9
4939,7
4940,4
4941,9
4942,8
4943,1
4944,5
4945,5
4946,5
4947,2
4948,8
4949,4
4950,0
4951,3
4952,6
4953,7
4954,4
4955,6
4956,9
4957,7
4958,8
4959,7
4960,2
4961,8
4962,5
4963,5
4964,6
4965,8
4966,4
4967,1
4968,8
4969,2
4970,9
4971,9
4972,2
4973,5
4974,2
4975,9
4976,8
4977,8
4978,6
4979,6
4980,9
4981,8
4982,4
4983,3
4984,7
4985,2
4986,3
4987,5
4988,1
4989,0
4990,5
4991,1
4992,2
4993,3
4994,7
4995,7
4996,0
4997,5
4998,1
4999,7
5000,1
5001,0
5002,9
5003,8
5004,1
5005,7
5006,8
5007,8
5008,4
5009,1
5010,8
5011,2
5012,5
5013,0
5014,6
5015,7
5016,1
5017,4
5018,4
5019,3
5020,7
5021,2
5022,2
5023,9
5024,8
5025,4
5026,0
5027,1
5028,7
5029,3
5030,9
5031,9
5032,1
5033,1
5034,0
5035,9
5036,5
5037,6
5038,7
5039,5
5040,3
5041,3
5042,3
5043,4
5044,6
5045,9
5046,5
5047,7
5048,4
5049,6
5050,4
5051,8
5052,9
5053,3
5054,5
5055,0
5056,1
5057,8
5058,8
5059,0
5060,3
5061,3
5062,6
5063,4
5064,6
5065,3
5066,4
5067,5
5068,8
5069,8
5070,4
5071,4
5072,5
5073,6
5074,1
5075,3
5076,0
5077,6
5078,0
5079,9
5080,6
5081,7
5082,0
5083,3
5084,7
5085,3
5086,1
5087,2
5088,2
5089,3
5090,2
5091,4
5092,8
5093,2
5094,7
5095,1
5096,8
5097,0
5098,6
5099,3
5100,5
5101,3
5102,2
5103,9
5104,7
5105,1
5106,5
5107,9
5108,4
5109,0
5110,7
5111,2
5112,0
5113,5
5114,9
5115,3
5116,2
5117,0
5118,2
5119,2
5120,5
5121,0
5122,4
5123,5
5124,8
5125,7
5126,5
5127,0
5128,5
5129,7
5130,2
5131,2
5132,7
5133,1
5134,2
5135,5
5136,6
5137,0
5138,5
5139,7
5140,8
5141,4
5142,9
5143,6
5144,6
5145,9
5146,8
5147,1
5148,5
5149,2
5150,1
5151,2
5152,5
5153,8
5154,9
5155,2
5156,0
5157,1
5158,1
5159,0
5160,2
5161,9
5162,0
5163,1
5164,5
5165,1
5166,1
5167,3
5168,8
5169,0
5170,3
5171,7
5172,6
5173,4
5174,3
5175,9
5176,3
5177,8
5178,1
5179,6
5180,3
5181,2
5182,7
5183,5
5184,6
5185,7
5186,7
5187,3
5188,8
5189,3
5190,8
5191,5
5192,9
5193,0
5194,4
5195,2
5196,8
5197,6
5198,8
5199,3
5200,1
5201,3
5202,3
5203,4
5204,4
5205,2
5206,5
5207,2
5208,6
5209,3
5210,0
5211,7
5212,3
5213,4
5214,4
5215,0
5216,2
5217,1
5218,6
5219,1
5220,2
5221,9
5222,6
5223,6
5224,4
5225,1
5226,4
5227,2
5228,7
5229,2
5230,7
5231,4
5232,8
5233,7
5234,1
5235,2
5236,6
5237,1
5238,0
5239,9
5240,3
5241,2
5242,5
5243,1
5244,5
5245,6
5246,3
5247,9
5248,7
5249,2
5250,4
5251,0
5252,0
5253,7
5254,0
5255,5
5256,1
5257,4
5258,0
5259,6
5260,4
5261,1
5262,0
5263,9
5264,5
5265,2
5266,3
5267,0
5268,8
5269,8
5270,6
5271,4
5272,8
5273,2
5274,6
5275,4
5276,1
5277,2
5278,4
5279,1
5280,1
5281,0
5282,4
5283,6
5284,0
5285,2
5286,1
5287,4
5288,9
5289,6
5290,7
5291,5
5292,5
5293,2
5294,1
5295,1
5296,1
5297,3
5298,2
5299,7
5300,4
5301,7
5302,1
5303,5
5304,9
5305,8
5306,9
5307,1
5308,7
5309,2
5310,2
5311,0
5312,2
5313,2
5314,7
5315,2
5316,2
5317,7
5318,2
5319,1
5320,1
5321,9
5322,0
5323,7
5324,5
5325,4
5326,3
5327,8
5328,6
5329,2
5330,8
5331,5
5332,4
5333,7
5334,1
5335,1
5336,5
5337,6
5338,3
5339,0
5340,1
5341,2
5342,3
5343,7
5344,9
5345,3
5346,0
5347,5
5348,8
5349,2
5350,9
5351,5
5352,8
5353,2
5354,3
5355,2
5356,1
5357,8
5358,9
5359,1
5360,7
5361,5
5362,3
5363,3
5364,0
5365,5
5366,7
5367,0
5368,8
5369,5
5370,5
5371,2
5372,1
5373,9
5374,5
5375,2
5376,0
5377,7
5378,0
5379,8
5380,5
5381,9
5382,2
5383,3
5384,9
5385,9
5386,8
5387,1
5388,6
5389,0
5390,4
5391,4
5392,4
5393,6
5394,0
5395,9
5396,0
5397,4
5398,9
5399,3
5400,0
5401,1
5402,5
5403,9
5404,0
5405,7
5406,4
5407,9
5408,5
5409,6
5410,7
5411,5
5412,3
5413,2
5414,4
5415,5
5416,9
5417,2
5418,7
5419,2
5420,9
5421,6
5422,1
5423,3
5424,3
5425,8
5426,4
5427,4
5428,4
5429,3
5430,4
5431,7
5432,7
5433,0
5434,4
5435,7
5436,0
5437,5
5438,8
5439,2
5440,8
5441,2
5442,9
5443,3
5444,0
5445,0
5446,7
5447,9
5448,5
5449,3
5450,2
5451,6
5452,1
5453,6
5454,9
5455,5
5456,9
5457,2
5458,6
5459,3
5460,7
5461,7
5462,7
5463,0
5464,4
5465,0
5466,5
5467,3
5468,4
5469,4
5470,6
5471,6
5472,1
5473,9
5474,6
5475,7
5476,7
5477,1
5478,9
5479,0
5480,4
5481,0
5482,2
5483,7
5484,5
5485,3
5486,9
5487,3
5488,6
5489,2
5490,3
5491,5
5492,8
5493,7
5494,2
5495,2
5496,1
5497,7
5498,0
5499,1
5500,9
5501,1
5502,1
5503,6
5504,4
5505,6
5506,1
5507,0
5508,2
5509,4
5510,3
5511,4
5512,9
5513,7
5514,8
5515,3
5516,3
5517,2
5518,0
5519,3
5520,8
5521,4
5522,7
5523,2
5524,3
5525,9
5526,5
5527,8
5528,8
5529,3
5530,6
5531,3
5532,3
5533,3
5534,7
5535,7
5536,5
5537,4
5538,8
5539,3
5540,2
5541,8
5542,1
5543,5
5544,2
5545,6
5546,3
5547,8
5548,1
5549,8
5550,8
5551,4
5552,0
5553,1
5554,0
5555,0
5556,3
5557,8
5558,4
5559,7
5560,7
5561,2
5562,0
5563,2
5564,1
5565,2
5566,4
5567,5
5568,4
5569,6
5570,7
5571,9
5572,2
5573,8
5574,5
5575,4
5576,8
5577,2
5578,0
5579,4
5580,8
5581,4
5582,3
5583,9
5584,7
5585,7
5586,0
5587,5
5588,1
5589,4
5590,3
5591,0
5592,4
5593,5
5594,1
5595,6
5596,1
5597,2
5598,2
5599,5
5600,7
5601,3
5602,3
5603,7
5604,1
5605,2
5606,5
5607,3
5608,5
5609,5
5610,6
5611,0
5612,9
5613,4
5614,1
5615,1
5616,4
5617,8
5618,3
5619,2
5620,5
5621,4
5622,9
5623,1
5624,9
5625,9
5626,6
5627,9
5628,4
5629,0
5630,3
5631,1
5632,8
5633,2
5634,5
5635,9
5636,7
5637,6
5638,3
5639,6
5640,0
5641,9
5642,4
5643,1
5644,9
5645,5
5646,4
5647,2
5648,2
5649,0
5650,1
5651,1
5652,9
5653,6
5654,1
5655,8
5656,8
5657,8
5658,1
5659,7
5660,3
5661,0
5662,6
5663,5
5664,6
5665,3
5666,4
5667,7
5668,4
5669,8
5670,8
5671,1
5672,4
5673,0
5674,5
5675,6
5676,8
5677,0
5678,6
5679,9
5680,1
5681,1
5682,6
5683,7
5684,8
5685,4
5686,1
5687,5
5688,5
5689,2
5690,5
5691,1
5692,1
5693,8
5694,9
5695,4
5696,3
5697,0
5698,4
5699,5
5700,7
5701,4
5702,6
5703,8
5704,8
5705,1
5706,1
5707,7
5708,3
5709,5
5710,4
5711,8
5712,5
5713,1
5714,2
5715,0
5716,7
5717,7
5718,2
5719,1
5720,8
5721,5
5722,4
5723,5
5724,9
5725,1
5726,3
5727,4
5728,9
5729,5
5730,7
5731,6
5732,0
5733,6
5734,6
5735,2
5736,5
5737,9
5738,0
5739,4
5740,7
5741,7
5742,7
5743,3
5744,4
5745,3
5746,8
5747,9
5748,0
5749,3
5750,4
5751,0
5752,7
5753,4
5754,0
5755,0
5756,6
5757,7
5758,4
5759,8
5760,9
5761,2
5762,1
5763,3
5764,6
5765,3
5766,4
5767,1
5768,0
5769,2
5770,6
5771,1
5772,0
5773,8
5774,3
5775,7
5776,4
5777,8
5778,8
5779,8
5780,0
5781,2
5782,1
5783,7
5784,1
5785,1
5786,7
5787,2
5788,9
5789,8
5790,9
5791,1
5792,1
5793,8
5794,5
5795,2
5796,0
5797,2
5798,0
5799,4
5800,1
5801,7
5802,8
5803,6
5804,6
5805,0
5806,0
5807,7
5808,2
5809,0
5810,1
5811,9
5812,0
5813,8
5814,6
5815,5
5816,3
5817,7
5818,2
5819,9
5820,2
5821,4
5822,7
5823,6
5824,1
5825,3
5826,9
5827,2
5828,1
5829,8
5830,8
5831,7
5832,7
5833,4
5834,5
5835,1
5836,4
5837,8
5838,9
5839,0
5840,0
5841,2
5842,9
5843,3
5844,0
5845,1
5846,0
5847,8
5848,5
5849,7
5850,4
5851,7
5852,0
5853,4
5854,2
5855,1
5856,2
5857,9
5858,4
5859,8
5860,2
5861,9
5862,3
5863,0
5864,3
5865,1
5866,9
5867,4
5868,7
5869,6
5870,7
5871,0
5872,0
5873,5
5874,4
5875,6
5876,7
5877,6
5878,1
5879,5
5880,5
5881,9
5882,4
5883,4
5884,9
5885,8
5886,6
5887,4
5888,0
5889,8
5890,2
5891,0
5892,0
5893,2
5894,2
5895,5
5896,0
5897,8
5898,6
5899,9
5900,2
5901,4
5902,7
5903,5
5904,2
5905,2
5906,2
5907,5
5908,8
5909,7
5910,7
5911,7
5912,1
5913,2
5914,0
5915,8
5916,3
5917,2
5918,1
5919,2
5920,9
5921,5
5922,8
5923,0
5924,4
5925,6
5926,0
5927,8
5928,0
5929,4
5930,8
5931,8
5932,1
5933,9
5934,6
5935,5
5936,2
5937,4
5938,7
5939,4
5940,1
5941,2
5942,3
5943,5
5944,1
5945,4
5946,9
5947,4
5948,7
5949,2
5950,3
5951,4
5952,6
5953,3
5954,4
5955,5
5956,0
5957,7
5958,9
5959,5
5960,8
5961,0
5962,4
5963,7
5964,0
5965,2
5966,1
5967,5
5968,9
5969,4
5970,2
5971,3
5972,4
5973,2
5974,7
5975,5
5976,8
5977,3
5978,3
5979,7
5980,0
5981,6
5982,5
5983,8
5984,5
5985,3
5986,3
5987,1
5988,5
5989,2
5990,4
5991,2
5992,2
5993,5
5994,0
5995,2
5996,6
5997,5
5998,9
5999,1
6000,5
6001,6
6002,6
6003,7
6004,4
6005,5
6006,0
6007,2
6008,0
6009,4
6010,4
6011,5
6012,1
6013,1
6014,0
6015,7
6016,3
6017,8
6018,4
6019,8
6020,0
6021,7
6022,1
6023,3
6024,5
6025,4
6026,7
6027,6
6028,1
6029,7
6030,7
6031,4
6032,0
6033,8
6034,7
6035,6
6036,6
6037,8
6038,1
6039,8
6040,6
6041,5
6042,8
6043,7
6044,2
6045,7
6046,2
6047,3
6048,5
6049,8
6050,4
6051,0
6052,7
6053,1
6054,8
6055,6
6056,6
6057,4
6058,7
6059,7
6060,6
6061,8
6062,3
6063,8
6064,9
6065,6
6066,8
6067,3
6068,9
6069,5
6070,3
6071,4
6072,4
6073,8
6074,4
6075,9
6076,6
6077,6
6078,7
6079,7
6080,2
6081,0
6082,2
6083,7
6084,2
6085,0
6086,1
6087,3
6088,4
6089,0
6090,6
6091,3
6092,3
6093,2
6094,7
6095,1
6096,7
6097,6
6098,5
6099,9
6100,5
6101,7
6102,6
6103,0
6104,6
6105,7
6106,3
6107,7
6108,5
6109,0
6110,5
6111,9
6112,5
6113,3
6114,0
6115,9
6116,6
6117,1
6118,1
6119,7
6120,2
6121,7
6122,1
6123,7
6124,2
6125,1
6126,2
6127,3
6128,4
6129,0
6130,8
6131,3
6132,4
6133,2
6134,7
6135,0
6136,4
6137,8
6138,1
6139,1
6140,0
6141,7
6142,7
6143,5
6144,8
6145,6
6146,2
6147,2
6148,3
6149,1
6150,6
6151,0
6152,3
6153,9
6154,8
6155,6
6156,3
6157,3
6158,0
6159,5
6160,5
6161,9
6162,6
6163,2
6164,6
6165,0
6166,0
6167,0
6168,3
6169,1
6170,4
6171,4
6172,4
6173,7
6174,5
6175,9
6176,6
6177,0
6178,7
6179,2
6180,3
6181,2
6182,4
6183,3
6184,6
6185,0
6186,0
6187,8
6188,8
6189,4
6190,2
6191,7
6192,3
6193,2
6194,3
6195,2
6196,6
6197,5
6198,6
6199,7
6200,1
6201,0
6202,0
6203,4
6204,9
6205,9
6206,3
6207,0
6208,3
6209,8
6210,2
6211,1
6212,9
6213,8
6214,1
6215,0
6216,7
6217,6
6218,4
6219,1
6220,4
6221,5
6222,8
6223,7
6224,0
6225,3
6226,7
6227,4
6228,0
6229,0
6230,7
6231,7
6232,7
6233,9
6234,7
6235,6
6236,7
6237,2
6238,1
6239,6
6240,0
6241,4
6242,2
6243,6
6244,2
6245,0
6246,5
6247,3
6248,1
6249,4
6250,4
6251,6
6252,1
6253,6
6254,4
6255,5
6256,7
6257,3
6258,7
6259,1
6260,4
6261,8
6262,0
6263,2
6264,6
6265,5
6266,5
6267,2
6268,2
6269,5
6270,8
6271,1
6272,6
6273,3
6274,3
6275,2
6276,8
6277,1
6278,4
6279,7
6280,8
6281,7
6282,5
6283,6
6284,7
6285,6
6286,8
6287,9
6288,7
6289,2
6290,5
6291,5
6292,4
6293,9
6294,0
6295,4
6296,8
6297,1
6298,2
6299,1
6300,1
6301,7
6302,0
6303,3
6304,4
6305,8
6306,6
6307,5
6308,3
6309,2
6310,4
6311,2
6312,2
6313,4
6314,5
6315,4
6316,2
6317,7
6318,9
6319,2
6320,1
6321,8
6322,0
6323,3
6324,3
6325,4
6326,3
6327,8
6328,3
6329,1
6330,1
6331,1
6332,7
6333,9
6334,9
6335,0
6336,2
6337,2
6338,4
6339,9
6340,8
6341,8
6342,6
6343,1
6344,1
6345,5
6346,4
6347,8
6348,2
6349,2
6350,9
6351,7
6352,8
6353,8
6354,5
6355,0
6356,9
6357,5
6358,7
6359,4
6360,5
6361,8
6362,3
6363,9
6364,9
6365,8
6366,4
6367,6
6368,8
6369,4
6370,3
6371,7
6372,3
6373,1
6374,1
6375,6
6376,9
6377,0
6378,6
6379,1
6380,2
6381,8
6382,3
6383,3
6384,8
6385,8
6386,2
6387,3
6388,7
6389,8
6390,3
6391,0
6392,1
6393,0
6394,0
6395,0
6396,4
6397,0
6398,7
6399,6
6400,1
6401,8
6402,6
6403,1
6404,3
6405,2
6406,5
6407,2
6408,8
6409,0
6410,9
6411,9
6412,3
6413,8
6414,1
6415,2
6416,4
6417,7
6418,7
6419,0
6420,4
6421,6
6422,9
6423,5
6424,3
6425,5
6426,9
6427,1
6428,9
6429,7
6430,5
6431,3
6432,1
6433,0
6434,3
6435,6
6436,3
6437,6
6438,9
6439,3
6440,2
6441,3
6442,4
6443,6
6444,0
6445,4
6446,2
6447,1
6448,7
6449,8
6450,9
6451,1
6452,5
6453,3
6454,3
6455,5
6456,5
6457,5
6458,0
6459,8
6460,6
6461,3
6462,8
6463,8
6464,8
6465,9
6466,1
6467,7
6468,0
6469,4
6470,4
6471,0
6472,0
6473,3
6474,6
6475,4
6476,1
6477,7
6478,0
6479,6
6480,7
6481,3
6482,6
6483,1
6484,0
6485,6
6486,9
6487,5
6488,2
6489,8
6490,7
6491,4
6492,1
6493,2
6494,1
6495,8
6496,7
6497,5
6498,6
6499,5
6500,5
6501,6
6502,2
6503,5
6504,8
6505,0
6506,2
6507,4
6508,3
6509,2
6510,6
6511,7
6512,4
6513,7
6514,0
6515,2
6516,4
6517,7
6518,1
6519,2
6520,8
6521,5
6522,7
6523,5
6524,8
6525,7
6526,3
6527,1
6528,2
6529,9
6530,0
6531,2
6532,1
6533,2
6534,5
6535,7
6536,1
6537,9
6538,9
6539,4
6540,1
6541,0
6542,5
6543,8
6544,6
6545,8
6546,3
6547,7
6548,8
6549,7
6550,5
6551,6
6552,4
6553,3
6554,1
6555,4
6556,0
6557,3
6558,1
6559,2
6560,9
6561,8
6562,9
6563,4
6564,9
6565,1
6566,5
6567,8
6568,7
6569,7
6570,8
6571,9
6572,8
6573,8
6574,9
6575,0
6576,2
6577,5
6578,2
6579,8
6580,2
6581,2
6582,1
6583,8
6584,1
6585,0
6586,7
6587,3
6588,1
6589,7
6590,3
6591,4
6592,3
6593,0
6594,1
6595,7
6596,5
6597,6
6598,2
6599,0
6600,0
6601,9
6602,1
6603,2
6604,4
6605,2
6606,9
6607,1
6608,0
6609,8
6610,3
6611,0
6612,0
6613,4
6614,7
6615,8
6616,4
6617,4
6618,7
6619,6
6620,2
6621,7
6622,2
6623,4
6624,1
6625,3
6626,5
6627,7
6628,5
6629,4
6630,9
6631,5
6632,4
6633,8
6634,3
6635,1
6636,5
6637,4
6638,9
6639,5
6640,4
6641,2
6642,0
6643,2
6644,3
6645,8
6646,5
6647,7
6648,7
6649,9
6650,7
6651,0
6652,8
6653,7
6654,6
6655,7
6656,7
6657,8
6658,3
6659,3
6660,0
6661,8
6662,3
6663,0
6664,6
6665,0
6666,2
6667,7
6668,9
6669,9
6670,1
6671,2
6672,1
6673,1
6674,0
6675,0
6676,1
6677,6
6678,8
6679,7
6680,9
6681,0
6682,6
6683,0
6684,2
6685,0
6686,5
6687,6
6688,8
6689,8
6690,9
6691,1
6692,3
6693,5
6694,7
6695,2
6696,9
6697,8
6698,3
6699,1
6700,1
6701,3
6702,8
6703,1
6704,6
6705,9
6706,4
6707,0
6708,7
6709,5
6710,8
6711,5
6712,1
6713,8
6714,5
6715,9
6716,8
6717,4
6718,6
6719,0
6720,5
6721,1
6722,2
6723,1
6724,0
6725,0
6726,3
6727,7
6728,3
6729,4
6730,2
6731,0
6732,9
6733,8
6734,4
6735,4
6736,8
6737,9
6738,4
6739,0
6740,2
6741,9
6742,4
6743,3
6744,9
6745,1
6746,2
6747,3
6748,7
6749,4
6750,0
6751,4
6752,7
6753,4
6754,4
6755,8
6756,7
6757,1
6758,2
6759,7
6760,8
6761,7
6762,5
6763,1
6764,8
6765,4
6766,8
6767,9
6768,1
6769,0
6770,9
6771,7
6772,1
6773,7
6774,3
6775,4
6776,4
6777,5
6778,9
6779,8
6780,2
6781,0
6782,0
6783,9
6784,5
6785,2
6786,0
6787,1
6788,3
6789,6
6790,8
6791,7
6792,8
6793,4
6794,0
6795,7
6796,7
6797,7
6798,7
6799,9
6800,1
6801,7
6802,0
6803,3
6804,3
6805,3
6806,9
6807,5
6808,5
6809,0
6810,3
6811,0
6812,1
6813,7
6814,7
6815,5
6816,5
6817,8
6818,1
6819,8
6820,3
6821,7
6822,0
6823,0
6824,2
6825,7
6826,8
6827,5
6828,4
6829,1
6830,3
6831,6
6832,3
6833,4
6834,3
6835,6
6836,0
6837,6
6838,8
6839,7
6840,7
6841,4
6842,3
6843,7
6844,1
6845,1
6846,6
6847,4
6848,4
6849,4
6850,2
6851,7
6852,1
6853,2
6854,3
6855,8
6856,9
6857,0
6858,1
6859,4
6860,1
6861,3
6862,9
6863,5
6864,9
6865,5
6866,3
6867,1
6868,2
6869,4
6870,7
6871,8
6872,2
6873,2
6874,2
6875,3
6876,2
6877,6
6878,4
6879,8
6880,3
6881,6
6882,9
6883,0
6884,7
6885,1
6886,8
6887,1
6888,7
6889,1
6890,8
6891,5
6892,4
6893,3
6894,5
6895,7
6896,6
6897,5
6898,4
6899,0
6900,0
6901,9
6902,8
6903,3
6904,8
6905,2
6906,7
6907,6
6908,2
6909,8
6910,4
6911,3
6912,8
6913,7
6914,5
6915,7
6916,9
6917,5
6918,9
6919,4
6920,6
6921,3
6922,9
6923,8
6924,4
6925,4
6926,5
6927,2
6928,6
6929,0
6930,7
6931,2
6932,2
6933,6
6934,1
6935,1
6936,0
6937,1
6938,9
6939,8
6940,7
6941,6
6942,6
6943,4
6944,0
6945,2
6946,0
6947,7
6948,1
6949,9
6950,1
6951,2
6952,1
6953,5
6954,6
6955,5
6956,0
6957,7
6958,2
6959,3
6960,0
6961,8
6962,0
6963,8
6964,7
6965,7
6966,7
6967,8
6968,6
6969,3
6970,4
6971,6
6972,0
6973,3
6974,8
6975,4
6976,5
6977,5
6978,5
6979,2
6980,5
6981,2
6982,7
6983,0
6984,4
6985,5
6986,0
6987,4
6988,9
6989,1
6990,1
6991,4
6992,8
6993,6
6994,1
6995,3
6996,2
6997,3
6998,7
6999,0
7000,6
7001,1
7002,5
7003,7
7004,6
7005,8
7006,7
7007,1
7008,9
7009,5
7010,5
7011,0
7012,0
7013,0
7014,1
7015,6
7016,5
7017,2
7018,2
7019,2
7020,7
7021,6
7022,5
7023,8
7024,2
7025,9
7026,9
7027,7
7028,3
7029,5
7030,6
7031,8
7032,7
7033,0
7034,4
7035,4
7036,9
7037,6
7038,5
7039,2
7040,4
7041,0
7042,1
7043,2
7044,5
7045,0
7046,5
7047,5
7048,4
7049,3
7050,0
7051,1
7052,4
7053,8
7054,3
7055,7
7056,2
7057,3
7058,8
7059,6
7060,5
7061,9
7062,5
7063,4
7064,7
7065,8
7066,6
7067,3
7068,4
7069,6
7070,9
7071,8
7072,3
7073,0
7074,7
7075,6
7076,9
7077,7
7078,1
7079,1
7080,3
7081,9
7082,9
7083,3
7084,7
7085,2
7086,0
7087,7
7088,2
7089,6
7090,8
7091,4
7092,8
7093,8
7094,2
7095,8
7096,2
7097,1
7098,4
7099,5
7100,6
7101,0
7102,0
7103,9
7104,9
7105,3
7106,8
7107,3
7108,9
7109,9
7110,9
7111,2
7112,3
7113,0
7114,5
7115,9
7116,9
7117,7
7118,5
7119,8
7120,5
7121,3
7122,6
7123,7
7124,1
7125,8
7126,6
7127,6
7128,4
7129,7
7130,3
7131,9
7132,6
7133,0
7134,3
7135,3
7136,9
7137,3
7138,0
7139,2
7140,9
7141,6
7142,3
7143,5
7144,9
7145,2
7146,3
7147,3
7148,3
7149,9
7150,6
7151,3
7152,0
7153,0
7154,8
7155,0
7156,7
7157,4
7158,8
7159,0
7160,9
7161,3
7162,1
7163,7
7164,8
7165,8
7166,5
7167,6
7168,5
7169,3
7170,4
7171,0
7172,0
7173,8
7174,1
7175,8
7176,8
7177,4
7178,6
7179,3
7180,4
7181,3
7182,8
7183,0
7184,1
7185,2
7186,4
7187,0
7188,0
7189,1
7190,6
7191,3
7192,1
7193,3
7194,3
7195,7
7196,5
7197,9
7198,7
7199,7
7200,4
7201,6
7202,1
7203,9
7204,9
7205,4
7206,4
7207,2
7208,0
7209,9
7210,7
7211,5
7212,7
7213,7
7214,3
7215,0
7216,9
7217,9
7218,0
7219,3
7220,7
7221,9
7222,4
7223,6
7224,0
7225,9
7226,8
7227,2
7228,3
7229,5
7230,2
7231,2
7232,3
7233,5
7234,9
7235,3
7236,6
7237,1
7238,2
7239,1
7240,7
7241,1
7242,0
7243,3
7244,2
7245,2
7246,4
7247,6
7248,1
7249,5
7250,9
7251,1
7252,9
7253,9
7254,8
7255,1
7256,9
7257,1
7258,7
7259,2
7260,6
7261,8
7262,6
7263,1
7264,2
7265,5
7266,7
7267,9
7268,8
7269,0
7270,7
7271,9
7272,4
7273,3
7274,2
7275,6
7276,4
7277,7
7278,9
7279,6
7280,8
7281,1
7282,6
7283,5
7284,9
7285,9
7286,0
7287,8
7288,9
7289,2
7290,8
7291,0
7292,7
7293,8
7294,3
7295,3
7296,3
7297,9
7298,3
7299,2
7300,1
7301,9
7302,7
7303,4
7304,2
7305,0
7306,5
7307,3
7308,1
7309,4
7310,1
7311,3
7312,1
7313,5
7314,3
7315,0
7316,7
7317,8
7318,8
7319,2
7320,8
7321,3
7322,7
7323,7
7324,3
7325,9
7326,2
7327,3
7328,9
7329,1
7330,6
7331,6
7332,9
7333,2
7334,9
7335,2
7336,7
7337,0
7338,4
7339,4
7340,5
7341,8
7342,2
7343,1
7344,7
7345,2
7346,7
7347,5
7348,5
7349,6
7350,2
7351,4
7352,9
7353,8
7354,0
7355,2
7356,3
7357,3
7358,1
7359,6
7360,1
7361,6
7362,3
7363,9
7364,3
7365,5
7366,0
7367,9
7368,4
7369,8
7370,2
7371,6
7372,2
7373,5
7374,2
7375,7
7376,0
7377,7
7378,4
7379,0
7380,7
7381,3
7382,7
7383,1
7384,4
7385,3
7386,5
7387,5
7388,8
7389,0
7390,1
7391,6
7392,0
7393,1
7394,5
7395,9
7396,0
7397,3
7398,1
7399,8
7400,7
7401,3
7402,7
7403,0
7404,7
7405,8
7406,4
7407,4
7408,6
7409,8
7410,4
7411,1
7412,6
7413,1
7414,9
7415,7
7416,4
7417,5
7418,3
7419,3
7420,2
7421,2
7422,3
7423,0
7424,1
7425,8
7426,0
7427,7
7428,7
7429,3
7430,4
7431,3
7432,1
7433,8
7434,2
7435,2
7436,7
7437,1
7438,5
7439,9
7440,4
7441,9
7442,7
7443,6
7444,6
7445,8
7446,2
7447,6
7448,2
7449,4
7450,6
7451,8
7452,0
7453,7
7454,6
7455,5
7456,0
7457,9
7458,8
7459,7
7460,9
7461,6
7462,5
7463,5
7464,9
7465,9
7466,9
7467,0
7468,5
7469,1
7470,4
7471,0
7472,8
7473,0
7474,6
7475,8
7476,4
7477,6
7478,1
7479,4
7480,8
7481,7
7482,0
7483,4
7484,2
7485,3
7486,5
7487,8
7488,4
7489,9
7490,1
7491,6
7492,7
7493,9
7494,9
7495,5
7496,6
7497,4
7498,7
7499,1
7500,6
7501,0
7502,3
7503,3
7504,7
7505,2
7506,8
7507,3
7508,0
7509,4
7510,6
7511,0
7512,0
7513,2
7514,8
7515,0
7516,9
7517,1
7518,1
7519,3
7520,0
7521,9
7522,6
7523,0
7524,1
7525,2
7526,2
7527,1
7528,0
7529,3
7530,9
7531,0
7532,5
7533,3
7534,7
7535,6
7536,3
7537,0
7538,6
7539,0
7540,1
7541,4
7542,9
7543,5
7544,1
7545,9
7546,4
7547,6
7548,7
7549,5
7550,1
7551,5
7552,1
7553,7
7554,9
7555,3
7556,7
7557,5
7558,9
7559,7
7560,3
7561,1
7562,1
7563,4
7564,3
7565,4
7566,9
7567,6
7568,9
7569,4
7570,8
7571,3
7572,9
7573,7
7574,9
7575,1
7576,7
7577,7
7578,3
7579,7
7580,1
7581,0
7582,4
7583,1
7584,3
7585,8
7586,0
7587,4
7588,5
7589,7
7590,9
7591,1
7592,4
7593,8
7594,5
7595,4
7596,3
7597,3
7598,9
7599,3
7600,9
7601,7
7602,8
7603,5
7604,3
7605,0
7606,0
7607,3
7608,3
7609,6
7610,3
7611,0
7612,8
7613,6
7614,2
7615,7
7616,4
7617,3
7618,6
7619,6
7620,1
7621,4
7622,2
7623,0
7624,0
7625,4
7626,8
7627,1
7628,3
7629,9
7630,1
7631,5
7632,5
7633,6
7634,0
7635,5
7636,9
7637,3
7638,9
7639,9
7640,3
7641,4
7642,6
7643,0
7644,4
7645,0
7646,1
7647,1
7648,3
7649,2
7650,2
7651,1
7652,8
7653,2
7654,6
7655,2
7656,3
7657,9
7658,4
7659,7
7660,4
7661,8
7662,8
7663,1
7664,6
7665,0
7666,6
7667,5
7668,7
7669,2
7670,1
7671,3
7672,5
7673,0
7674,2
7675,5
7676,0
7677,1
7678,5
7679,5
7680,3
7681,3
7682,8
7683,2
7684,9
7685,0
7686,6
7687,0
7688,1
7689,0
7690,9
7691,3
7692,7
7693,2
7694,0
7695,4
7696,8
7697,9
7698,9
7699,9
7700,0
7701,9
7702,7
7703,1
7704,5
7705,3
7706,3
7707,9
7708,4
7709,8
7710,0
7711,8
7712,3
7713,8
7714,5
7715,1
7716,2
7717,9
7718,7
7719,0
7720,7
7721,0
7722,0
7723,2
7724,2
7725,3
7726,9
7727,1
7728,4
7729,3
7730,9
7731,0
7732,1
7733,6
7734,7
7735,2
7736,9
7737,8
7738,0
7739,5
7740,7
7741,3
7742,5
7743,8
7744,9
7745,1
7746,7
7747,5
7748,4
7749,1
7750,3
7751,1
7752,5
7753,5
7754,0
7755,2
7756,3
7757,5
7758,2
7759,2
7760,3
7761,4
7762,7
7763,4
7764,4
7765,9
7766,3
7767,8
7768,5
7769,5
7770,5
7771,4
7772,6
7773,9
7774,6
7775,0
7776,8
7777,4
7778,8
7779,6
7780,6
7781,7
7782,3
7783,1
7784,9
7785,6
7786,2
7787,9
7788,9
7789,9
7790,5
7791,0
7792,0
7793,0
7794,7
7795,4
7796,3
7797,0
7798,6
7799,3
7800,7
7801,4
7802,2
7803,7
7804,7
7805,0
7806,8
7807,6
7808,6
7809,9
7810,1
7811,4
7812,9
7813,7
7814,6
7815,3
7816,2
7817,3
7818,4
7819,3
7820,0
7821,0
7822,2
7823,8
7824,2
7825,4
7826,8
7827,4
7828,7
7829,3
7830,3
7831,6
7832,3
7833,2
7834,2
7835,0
7836,1
7837,0
7838,9
7839,8
7840,6
7841,7
7842,5
7843,9
7844,3
7845,8
7846,7
7847,2
7848,4
7849,9
7850,0
7851,8
7852,9
7853,6
7854,3
7855,9
7856,1
7857,9
7858,1
7859,3
7860,2
7861,8
7862,2
7863,6
7864,8
7865,2
7866,8
7867,2
7868,3
7869,0
7870,5
7871,3
7872,7
7873,5
7874,0
7875,5
7876,6
7877,7
7878,8
7879,7
7880,9
7881,7
7882,9
7883,3
7884,5
7885,4
7886,9
7887,2
7888,5
7889,4
7890,1
7891,5
7892,2
7893,9
7894,8
7895,6
7896,7
7897,7
7898,2
7899,6
7900,3
7901,3
7902,7
7903,3
7904,2
7905,1
7906,1
7907,3
7908,5
7909,0
7910,0
7911,2
7912,5
7913,7
7914,5
7915,7
7916,6
7917,0
7918,5
7919,8
7920,7
7921,8
7922,0
7923,3
7924,9
7925,2
7926,0
7927,0
7928,3
7929,9
7930,1
7931,0
7932,4
7933,3
7934,5
7935,4
7936,7
7937,7
7938,5
7939,6
7940,7
7941,5
7942,5
7943,2
7944,1
7945,2
7946,5
7947,7
7948,6
7949,5
7950,7
7951,3
7952,2
7953,2
7954,1
7955,6
7956,8
7957,0
7958,1
7959,9
7960,4
7961,5
7962,5
7963,9
7964,4
7965,9
7966,3
7967,2
7968,3
7969,0
7970,0
7971,6
7972,3
7973,7
7974,2
7975,5
7976,5
7977,8
7978,9
7979,4
7980,8
7981,0
7982,7
7983,0
7984,2
7985,0
7986,6
7987,9
7988,4
7989,5
7990,5
7991,0
7992,7
7993,9
7994,8
7995,0
7996,1
7997,5
7998,8
7999,0
8000,3
8001,3
8002,2
8003,2
8004,0
8005,5
8006,4
8007,0
8008,4
8009,4
8010,5
8011,4
8012,9
8013,3
8014,1
8015,1
8016,7
8017,2
8018,7
8019,4
8020,2
8021,3
8022,3
8023,2
8024,0
8025,6
8026,6
8027,2
8028,3
8029,3
8030,1
8031,5
8032,7
8033,0
8034,6
8035,4
8036,8
8037,0
8038,8
8039,1
8040,9
8041,0
8042,0
8043,4
8044,9
8045,9
8046,2
8047,2
8048,0
8049,9
8050,7
8051,5
8052,2
8053,2
8054,5
8055,7
8056,0
8057,5
8058,1
8059,5
8060,5
8061,6
8062,5
8063,0
8064,9
8065,6
8066,0
8067,8
8068,0
8069,1
8070,3
8071,6
8072,1
8073,3
8074,4
8075,2
8076,9
8077,7
8078,5
8079,5
8080,2
8081,1
8082,9
8083,8
8084,5
8085,7
8086,5
8087,8
8088,5
8089,2
8090,6
8091,1
8092,8
8093,7
8094,0
8095,3
8096,5
8097,2
8098,7
8099,3
8100,5
8101,7
8102,4
8103,0
8104,7
8105,5
8106,6
8107,9
8108,4
8109,7
8110,2
8111,5
8112,9
8113,4
8114,9
8115,9
8116,5
8117,2
8118,7
8119,7
8120,2
8121,3
8122,5
8123,3
8124,9
8125,9
8126,4
8127,4
8128,9
8129,8
8130,5
8131,2
8132,3
8133,6
8134,6
8135,1
8136,0
8137,5
8138,0
8139,0
8140,2
8141,1
8142,3
8143,0
8144,8
8145,1
8146,2
8147,7
8148,8
8149,6
8150,6
8151,2
8152,8
8153,2
8154,5
8155,8
8156,8
8157,6
8158,2
8159,6
8160,3
8161,9
8162,4
8163,7
8164,3
8165,9
8166,0
8167,7
8168,5
8169,3
8170,6
8171,4
8172,8
8173,1
8174,1
8175,0
8176,3
8177,9
8178,2
8179,4
8180,2
8181,3
8182,7
8183,6
8184,3
8185,9
8186,4
8187,0
8188,1
8189,6
8190,8
8191,3
8192,5
8193,2
8194,0
8195,7
8196,2
8197,3
8198,5
8199,4
8200,8
8201,1
8202,7
8203,7
8204,8
8205,9
8206,4
8207,2
8208,9
8209,0
8210,7
8211,5
8212,6
8213,9
8214,2
8215,9
8216,2
8217,7
8218,8
8219,0
8220,1
8221,5
8222,3
8223,4
8224,8
8225,0
8226,8
8227,2
8228,1
8229,8
8230,8
8231,9
8232,0
8233,7
8234,4
8235,6
8236,5
8237,8
8238,7
8239,0
8240,4
8241,5
8242,7
8243,4
8244,9
8245,5
8246,6
8247,2
8248,5
8249,2
8250,1
8251,4
8252,4
8253,1
8254,2
8255,7
8256,0
8257,5
8258,2
8259,2
8260,7
8261,1
8262,0
8263,3
8264,0
8265,1
8266,9
8267,8
8268,8
8269,0
8270,4
8271,5
8272,4
8273,7
8274,1
8275,1
8276,4
8277,7
8278,1
8279,6
8280,4
8281,2
8282,4
8283,2
8284,2
8285,2
8286,3
8287,7
8288,7
8289,8
8290,2
8291,0
8292,2
8293,8
8294,8
8295,0
8296,6
8297,7
8298,7
8299,5
8300,1
8301,7
8302,5
8303,0
8304,4
8305,6
8306,0
8307,1
8308,0
8309,5
8310,6
8311,3
8312,2
8313,2
8314,9
8315,1
8316,6
8317,9
8318,6
8319,4
8320,5
8321,4
8322,8
8323,0
8324,7
8325,5
8326,9
8327,8
8328,9
8329,7
8330,2
8331,3
8332,5
8333,2
8334,8
8335,6
8336,9
8337,0
8338,0
8339,0
8340,7
8341,0
8342,9
8343,2
8344,2
8345,2
8346,2
8347,5
8348,4
8349,6
8350,9
8351,4
8352,2
8353,3
8354,0
8355,3
8356,7
8357,4
8358,1
8359,7
8360,9
8361,7
8362,6
8363,7
8364,3
8365,8
8366,0
8367,7
8368,1
8369,0
8370,7
8371,2
8372,3
8373,8
8374,3
8375,4
8376,5
8377,3
8378,7
8379,8
8380,2
8381,7
8382,9
8383,6
8384,5
8385,2
8386,3
8387,2
8388,5
8389,0
8390,6
8391,9
8392,1
8393,5
8394,3
8395,4
8396,3
8397,0
8398,0
8399,6
8400,7
8401,3
8402,3
8403,3
8404,3
8405,5
8406,2
8407,1
8408,5
8409,5
8410,2
8411,7
8412,6
8413,5
8414,7
8415,7
8416,8
8417,1
8418,1
8419,1
8420,1
8421,1
8422,6
8423,7
8424,8
8425,8
8426,0
8427,8
8428,8
8429,7
8430,0
8431,3
8432,9
8433,4
8434,0
8435,9
8436,1
8437,8
8438,2
8439,0
8440,9
8441,1
8442,9
8443,5
8444,3
8445,7
8446,7
8447,9
8448,9
8449,5
8450,7
8451,9
8452,4
8453,4
8454,3
8455,6
8456,3
8457,8
8458,4
8459,4
8460,3
8461,2
8462,1
8463,7
8464,3
8465,3
8466,2
8467,9
8468,5
8469,5
8470,4
8471,8
8472,7
8473,7
8474,6
8475,4
8476,1
8477,7
8478,8
8479,0
8480,1
8481,3
8482,3
8483,7
8484,2
8485,1
8486,2
8487,1
8488,2
8489,3
8490,6
8491,9
8492,0
8493,3
8494,0
8495,0
8496,4
8497,2
8498,4
8499,1
8500,4
8501,1
8502,2
8503,9
8504,7
8505,3
8506,0
8507,6
8508,8
8509,1
8510,0
8511,4
8512,1
8513,6
8514,1
8515,0
8516,4
8517,5
8518,9
8519,8
8520,5
8521,1
8522,3
8523,3
8524,2
8525,0
8526,5
8527,5
8528,5
8529,3
8530,9
8531,4
8532,5
8533,7
8534,1
8535,4
8536,6
8537,9
8538,9
8539,0
8540,3
8541,0
8542,9
8543,7
8544,5
8545,1
8546,8
8547,9
8548,6
8549,8
8550,6
8551,9
8552,5
8553,5
8554,0
8555,0
8556,5
8557,7
8558,1
8559,7
8560,3
8561,3
8562,2
8563,8
8564,5
8565,8
8566,0
8567,9
8568,7
8569,5
8570,6
8571,9
8572,0
8573,1
8574,2
8575,8
8576,5
8577,9
8578,2
8579,4
8580,6
8581,0
8582,9
8583,3
8584,7
8585,9
8586,7
8587,2
8588,8
8589,7
8590,6
8591,7
8592,9
8593,7
8594,0
8595,3
8596,4
8597,8
8598,5
8599,8
8600,6
8601,0
8602,7
8603,2
8604,2
8605,8
8606,5
8607,1
8608,0
8609,7
8610,7
8611,9
8612,8
8613,1
8614,9
8615,6
8616,0
8617,0
8618,6
8619,7
8620,0
8621,4
8622,5
8623,5
8624,1
8625,0
8626,1
8627,9
8628,7
8629,7
8630,0
8631,3
8632,0
8633,3
8634,9
8635,2
8636,0
8637,1
8638,2
8639,8
8640,4
8641,1
8642,4
8643,6
8644,9
8645,5
8646,7
8647,9
8648,9
8649,2
8650,4
8651,2
8652,3
8653,0
8654,9
8655,6
8656,9
8657,5
8658,2
8659,3
8660,4
8661,4
8662,4
8663,5
8664,1
8665,8
8666,5
8667,7
8668,9
8669,2
8670,0
8671,3
8672,6
8673,0
8674,9
8675,7
8676,1
8677,6
8678,3
8679,4
8680,3
8681,2
8682,0
8683,3
8684,4
8685,2
8686,4
8687,2
8688,4
8689,8
8690,3
8691,2
8692,0
8693,1
8694,9
8695,1
8696,9
8697,2
8698,9
8699,7
8700,4
8701,7
8702,6
8703,0
8704,5
8705,4
8706,7
8707,7
8708,4
8709,7
8710,9
8711,2
8712,9
8713,1
8714,0
8715,9
8716,6
8717,4
8718,4
8719,8
8720,4
8721,4
8722,1
8723,3
8724,3
8725,1
8726,8
8727,3
8728,8
8729,5
8730,0
8731,1
8732,9
8733,2
8734,5
8735,4
8736,6
8737,3
8738,9
8739,5
8740,7
8741,7
8742,0
8743,1
8744,8
8745,7
8746,4
8747,3
8748,5
8749,8
8750,4
8751,0
8752,3
8753,8
8754,9
8755,1
8756,4
8757,3
8758,6
8759,5
8760,8
8761,5
8762,1
8763,8
8764,5
8765,2
8766,4
8767,6
8768,2
8769,0
8770,6
8771,8
8772,9
8773,2
8774,1
8775,5
8776,4
8777,6
8778,4
8779,0
8780,0
8781,7
8782,1
8783,2
8784,6
8785,0
8786,5
8787,9
8788,9
8789,3
8790,3
8791,9
8792,9
8793,2
8794,1
8795,1
8796,4
8797,8
8798,1
8799,7
8800,5
8801,0
8802,4
8803,4
8804,7
8805,8
8806,5
8807,5
8808,6
8809,2
8810,8
8811,6
8812,0
8813,9
8814,9
8815,2
8816,4
8817,2
8818,0
8819,2
8820,9
8821,6
8822,3
8823,9
8824,6
8825,4
8826,8
8827,3
8828,6
8829,8
8830,0
8831,1
8832,2
8833,4
8834,7
8835,9
8836,2
8837,1
8838,1
8839,3
8840,5
8841,0
8842,8
8843,8
8844,8
8845,7
8846,1
8847,0
8848,2
8849,8
8850,7
8851,4
8852,9
8853,6
8854,0
8855,7
8856,0
8857,0
8858,3
8859,4
8860,3
8861,3
8862,9
8863,7
8864,6
8865,2
8866,4
8867,2
8868,3
8869,2
8870,7
8871,6
8872,1
8873,7
8874,4
8875,6
8876,1
8877,0
8878,3
8879,9
8880,4
8881,6
8882,9
8883,2
8884,5
8885,7
8886,1
8887,9
8888,2
8889,5
8890,5
8891,4
8892,9
8893,6
8894,7
8895,4
8896,1
8897,0
8898,2
8899,3
8900,1
8901,8
8902,2
8903,3
8904,0
8905,3
8906,4
8907,7
8908,9
8909,0
8910,9
8911,7
8912,8
8913,7
8914,2
8915,5
8916,4
8917,1
8918,0
8919,2
8920,9
8921,7
8922,9
8923,1
8924,9
8925,3
8926,8
8927,4
8928,1
8929,0
8930,6
8931,4
8932,7
8933,3
8934,7
8935,2
8936,7
8937,9
8938,5
8939,6
8940,9
8941,7
8942,3
8943,9
8944,1
8945,8
8946,6
8947,8
8948,2
8949,7
8950,7
8951,8
8952,1
8953,2
8954,3
8955,8
8956,7
8957,6
8958,5
8959,2
8960,6
8961,2
8962,8
8963,1
8964,5
8965,8
8966,1
8967,7
8968,3
8969,5
8970,6
8971,1
8972,9
8973,0
8974,2
8975,8
8976,0
8977,5
8978,6
8979,2
8980,7
8981,9
8982,7
8983,0
8984,2
8985,3
8986,5
8987,1
8988,3
8989,1
8990,9
8991,1
8992,1
8993,3
8994,2
8995,7
8996,9
8997,8
8998,0
8999,0
9000,2
9001,4
9002,3
9003,7
9004,4
9005,0
9006,5
9007,6
9008,9
9009,2
9010,4
9011,1
9012,8
9013,2
9014,7
9015,2
9016,1
9017,9
9018,8
9019,8
9020,7
9021,3
9022,7
9023,9
9024,3
9025,2
9026,7
9027,5
9028,1
9029,9
9030,5
9031,5
9032,2
9033,4
9034,6
9035,7
9036,8
9037,6
9038,8
9039,2
9040,8
9041,9
9042,1
9043,3
9044,2
9045,3
9046,7
9047,0
9048,7
9049,2
9050,0
9051,3
9052,8
9053,7
9054,4
9055,7
9056,6
9057,1
9058,9
9059,7
9060,2
9061,0
9062,1
9063,2
9064,4
9065,3
9066,5
9067,9
9068,2
9069,6
9070,7
9071,5
9072,5
9073,4
9074,5
9075,7
9076,7
9077,7
9078,4
9079,8
9080,8
9081,6
9082,7
9083,5
9084,3
9085,2
9086,7
9087,2
9088,2
9089,4
9090,3
9091,4
9092,2
9093,3
9094,3
9095,9
9096,6
9097,7
9098,2
9099,3
9100,4
9101,3
9102,6
9103,9
9104,2
9105,0
9106,4
9107,3
9108,7
9109,5
9110,2
9111,4
9112,7
9113,5
9114,3
9115,0
9116,4
9117,2
9118,3
9119,1
9120,3
9121,7
9122,6
9123,2
9124,4
9125,0
9126,3
9127,7
9128,8
9129,6
9130,1
9131,3
9132,8
9133,5
9134,7
9135,8
9136,5
9137,5
9138,6
9139,6
9140,9
9141,3
9142,1
9143,2
9144,1
9145,1
9146,2
9147,3
9148,7
9149,2
9150,3
9151,4
9152,8
9153,9
9154,9
9155,8
9156,5
9157,8
9158,0
9159,8
9160,4
9161,7
9162,4
9163,5
9164,5
9165,0
9166,1
9167,1
9168,4
9169,9
9170,0
9171,6
9172,2
9173,2
9174,1
9175,3
9176,7
9177,9
9178,6
9179,8
9180,5
9181,5
9182,7
9183,2
9184,3
9185,8
9186,3
9187,2
9188,9
9189,7
9190,3
9191,2
9192,8
9193,1
9194,0
9195,6
9196,1
9197,8
9198,6
9199,1
9200,1
9201,3
9202,7
9203,4
9204,2
9205,9
9206,8
9207,6
9208,6
9209,6
9210,7
9211,8
9212,6
9213,7
9214,1
9215,5
9216,0
9217,5
9218,7
9219,4
9220,8
9221,4
9222,1
9223,8
9224,4
9225,0
9226,3
9227,1
9228,7
9229,7
9230,7
9231,9
9232,1
9233,5
9234,0
9235,1
9236,4
9237,7
9238,4
9239,8
9240,3
9241,7
9242,3
9243,7
9244,8
9245,6
9246,4
9247,5
9248,5
9249,2
9250,7
9251,7
9252,9
9253,4
9254,9
9255,1
9256,4
9257,3
9258,2
9259,0
9260,6
9261,3
9262,9
9263,9
9264,7
9265,7
9266,1
9267,9
9268,6
9269,7
9270,6
9271,0
9272,2
9273,8
9274,8
9275,8
9276,2
9277,7
9278,9
9279,5
9280,1
9281,5
9282,2
9283,4
9284,1
9285,7
9286,6
9287,2
9288,3
9289,7
9290,0
9291,9
9292,6
9293,8
9294,6
9295,8
9296,4
9297,0
9298,0
9299,1
9300,5
9301,1
9302,8
9303,2
9304,1
9305,7
9306,7
9307,3
9308,5
9309,7
9310,7
9311,4
9312,0
9313,1
9314,2
9315,3
9316,2
9317,7
9318,0
9319,1
9320,5
9321,1
9322,1
9323,9
9324,2
9325,1
9326,8
9327,9
9328,3
9329,3
9330,3
9331,3
9332,6
9333,7
9334,2
9335,2
9336,2
9337,8
9338,9
9339,1
9340,0
9341,0
9342,8
9343,1
9344,6
9345,7
9346,6
9347,6
9348,4
9349,2
9350,1
9351,1
9352,5
9353,3
9354,5
9355,8
9356,2
9357,3
9358,7
9359,2
9360,2
9361,3
9362,2
9363,1
9364,8
9365,5
9366,1
9367,2
9368,3
9369,7
9370,0
9371,0
9372,3
9373,3
9374,8
9375,8
9376,0
9377,7
9378,8
9379,3
9380,9
9381,8
9382,6
9383,2
9384,9
9385,3
9386,0
9387,8
9388,0
9389,5
9390,7
9391,9
9392,6
9393,8
9394,5
9395,3
9396,2
9397,7
9398,3
9399,8
9400,5
9401,6
9402,8
9403,1
9404,2
9405,0
9406,4
9407,4
9408,4
9409,2
9410,8
9411,0
9412,8
9413,1
9414,1
9415,8
9416,0
9417,5
9418,8
9419,8
9420,1
9421,8
9422,3
9423,2
9424,0
9425,6
9426,0
9427,9
9428,5
9429,9
9430,4
9431,5
9432,1
9433,4
9434,8
9435,7
9436,8
9437,7
9438,5
9439,4
9440,1
9441,8
9442,1
9443,0
9444,1
9445,9
9446,2
9447,1
9448,6
9449,0
9450,3
9451,2
9452,5
9453,2
9454,0
9455,9
9456,1
9457,7
9458,2
9459,5
9460,6
9461,3
9462,5
9463,4
9464,5
9465,1
9466,4
9467,8
9468,3
9469,0
9470,3
9471,9
9472,1
9473,7
9474,2
9475,4
9476,3
9477,0
9478,9
9479,6
9480,0
9481,2
9482,9
9483,4
9484,4
9485,2
9486,7
9487,8
9488,5
9489,3
9490,9
9491,1
9492,3
9493,0
9494,6
9495,5
9496,0
9497,9
9498,3
9499,3
9500,8
9501,8
9502,2
9503,5
9504,8
9505,7
9506,5
9507,9
9508,0
9509,7
9510,9
9511,1
9512,9
9513,0
9514,9
9515,4
9516,9
9517,1
9518,9
9519,5
9520,9
9521,0
9522,6
9523,1
9524,8
9525,5
9526,1
9527,7
9528,3
9529,4
9530,6
9531,0
9532,2
9533,9
9534,7
9535,3
9536,8
9537,4
9538,1
9539,0
9540,3
9541,1
9542,4
9543,7
9544,6
9545,9
9546,2
9547,6
9548,5
9549,3
9550,5
9551,3
9552,0
9553,1
9554,1
9555,4
9556,6
9557,8
9558,2
9559,5
9560,0
9561,2
9562,2
9563,4
9564,4
9565,7
9566,5
9567,1
9568,0
9569,0
9570,8
9571,9
9572,9
9573,1
9574,9
9575,9
9576,1
9577,7
9578,5
9579,4
9580,1
9581,7
9582,6
9583,8
9584,5
9585,8
9586,2
9587,2
9588,6
9589,4
9590,5
9591,0
9592,8
9593,8
9594,4
9595,0
9596,0
9597,4
9598,8
9599,2
9600,6
9601,1
9602,3
9603,1
9604,2
9605,0
9606,6
9607,6
9608,4
9609,2
9610,3
9611,2
9612,4
9613,8
9614,3
9615,0
9616,2
9617,4
9618,0
9619,8
9620,4
9621,4
9622,5
9623,5
9624,4
9625,0
9626,6
9627,1
9628,9
9629,4
9630,3
9631,9
9632,3
9633,3
9634,4
9635,3
9636,4
9637,9
9638,0
9639,5
9640,2
9641,9
9642,5
9643,7
9644,0
9645,2
9646,3
9647,6
9648,7
9649,4
9650,1
9651,4
9652,2
9653,7
9654,9
9655,3
9656,0
9657,7
9658,9
9659,4
9660,4
9661,1
9662,9
9663,3
9664,9
9665,3
9666,1
9667,3
9668,1
9669,3
9670,7
9671,5
9672,4
9673,9
9674,6
9675,0
9676,3
9677,6
9678,2
9679,4
9680,0
9681,4
9682,9
9683,8
9684,7
9685,8
9686,3
9687,1
9688,5
9689,4
9690,8
9691,2
9692,0
9693,1
9694,3
9695,7
9696,6
9697,8
9698,2
9699,9
9700,0
9701,2
9702,4
9703,2
9704,3
9705,1
9706,5
9707,0
9708,7
9709,7
9710,7
9711,6
9712,2
9713,8
9714,8
9715,5
9716,1
9717,1
9718,4
9719,9
9720,9
9721,4
9722,9
9723,3
9724,1
9725,8
9726,2
9727,1
9728,0
9729,6
9730,7
9731,4
9732,9
9733,7
9734,4
9735,9
9736,1
9737,1
9738,2
9739,6
9740,3
9741,6
9742,7
9743,2
9744,1
9745,9
9746,0
9747,0
9748,5
9749,6
9750,9
9751,2
9752,0
9753,8
9754,8
9755,7
9756,3
9757,7
9758,0
9759,9
9760,5
9761,0
9762,0
9763,6
9764,5
9765,3
9766,9
9767,9
9768,0
9769,7
9770,3
9771,0
9772,9
9773,1
9774,3
9775,9
9776,8
9777,3
9778,3
9779,7
9780,5
9781,1
9782,1
9783,5
9784,3
9785,1
9786,3
9787,2
9788,7
9789,5
9790,1
9791,5
9792,2
9793,7
9794,4
9795,3
9796,3
9797,2
9798,4
9799,0
9800,0
9801,6
9802,0
9803,4
9804,2
9805,6
9806,0
9807,2
9808,2
9809,9
9810,3
9811,4
9812,2
9813,1
9814,9
9815,5
9816,0
9817,8
9818,5
9819,4
9820,3
9821,5
9822,2
9823,5
9824,2
9825,5
9826,0
9827,8
9828,7
9829,2
9830,4
9831,2
9832,6
9833,3
9834,8
9835,1
9836,7
9837,2
9838,3
9839,7
9840,2
9841,8
9842,2
9843,1
9844,7
9845,0
9846,9
9847,3
9848,0
9849,8
9850,3
9851,3
9852,9
9853,8
9854,9
9855,9
9856,7
9857,5
9858,4
9859,8
9860,9
9861,9
9862,5
9863,7
9864,8
9865,9
9866,5
9867,3
9868,6
9869,9
9870,9
9871,1
9872,6
9873,1
9874,5
9875,5
9876,6
9877,8
9878,8
9879,9
9880,7
9881,8
9882,2
9883,6
9884,1
9885,9
9886,2
9887,2
9888,8
9889,2
9890,2
9891,2
9892,6
9893,4
9894,0
9895,1
9896,2
9897,0
9898,4
9899,3
9900,3
9901,8
9902,0
9903,5
9904,1
9905,6
9906,9
9907,4
9908,2
9909,0
9910,3
9911,4
9912,5
9913,7
9914,6
9915,4
9916,4
9917,3
9918,0
9919,7
9920,3
9921,2
9922,4
9923,1
9924,9
9925,0
9926,7
9927,3
9928,3
9929,3
9930,4
9931,1
9932,4
9933,9
9934,8
9935,9
9936,4
9937,9
9938,4
9939,5
9940,5
9941,9
9942,6
9943,9
9944,1
9945,0
9946,9
9947,5
9948,4
9949,2
9950,7
9951,6
9952,2
9953,9
9954,4
9955,4
9956,7
9957,7
9958,4
9959,8
9960,5
9961,0
9962,7
9963,7
9964,1
9965,2
9966,9
9967,4
9968,1
9969,5
9970,6
9971,4
9972,4
9973,6
9974,8
9975,3
9976,3
9977,7
9978,8
9979,0
9980,5
9981,8
9982,0
9983,7
9984,0
9985,3
9986,8
9987,4
9988,8
9989,0
9990,6
9991,1
9992,0
9993,4
9994,2
9995,3
9996,5
9997,2
9998,0
9999,7
